Model Yr;Mfr Name;Division;Carline;Trans as listed in FE Guide (derived from col AA thru AF);City Unadj FE - Conventional Fuel;Fuel Usage Desc - Conventional Fuel
2010;aston martin;Aston Martin Lagonda Ltd;V8 Vantage;Auto(AM6);16,9502;Gasoline (Premium Unleaded Recommended)
2010;aston martin;Aston Martin Lagonda Ltd;V8 Vantage;Manual(M6);15,0065;Gasoline (Premium Unleaded Recommended)
2010;Audi;Audi;R8;Manual(M6);15,3;Gasoline (Premium Unleaded Recommended)
2010;Audi;Audi;R8;Auto(AM6);15,4;Gasoline (Premium Unleaded Recommended)
2010;Audi;Audi;R8;Auto(AM6);15,8;Gasoline (Premium Unleaded Recommended)
2010;Audi;Audi;R8;Manual(M6);13,7;Gasoline (Premium Unleaded Recommended)
2010;Audi;Audi;TT ROADSTER QUATTRO;Auto(S6);27,5267;Gasoline (Premium Unleaded Recommended)
2010;Bentley;Bentley Motors Ltd.;Continental Supersports;Auto(S6);14,4;Gasoline (Premium Unleaded Recommended)
2010;BMW;BMW;Z4 sDrive30i;Auto(S6);23,1565;Gasoline (Premium Unleaded Recommended)
2010;BMW;BMW;Z4 sDrive30i;Manual(M6);22,7853;Gasoline (Premium Unleaded Recommended)
2010;BMW;BMW;Z4 sDrive35i;Auto(S7);21,3727;Gasoline (Premium Unleaded Recommended)
2010;BMW;BMW;Z4 sDrive35i;Manual(M6);22,0566;Gasoline (Premium Unleaded Recommended)
2010;Bugatti;Bugatti;Veyron;Auto(S7);9,5;Gasoline (Premium Unleaded Required)
2010;GM;Chevrolet;CORVETTE;Manual(M6);16,9;Gasoline (Premium Unleaded Required)
2010;GM;Chevrolet;CORVETTE;Auto(S6);18,2498;Gasoline (Regular Unleaded Recommended)
2010;GM;Chevrolet;CORVETTE;Manual(M6);20,2;Gasoline (Regular Unleaded Recommended)
2010;GM;Chevrolet;CORVETTE;Manual(M6);18,4;Gasoline (Premium Unleaded Required)
2010;Chrysler Group LLC;Dodge;Viper Convertible;Manual(M6);15,6;Gasoline (Premium Unleaded Required)
2010;Chrysler Group LLC;Dodge;Viper Coupe;Manual(M6);15,6;Gasoline (Premium Unleaded Required)
2010;Ferrari;Ferrari North America, Inc.;Ferrari 458 Italia;Auto(AM7);14,4;Gasoline (Premium Unleaded Required)
2010;Ferrari;Ferrari North America, Inc.;Ferrari 599 GTB FIORANO;Auto(AM6);12,99;Gasoline (Premium Unleaded Required)
2010;Ferrari;Ferrari North America, Inc.;Ferrari 599 GTB FIORANO;Manual(M6);13,2;Gasoline (Premium Unleaded Required)
2010;Audi;Lamborghini;Gallardo Coupe;Auto(AM6);16,1;Gasoline (Premium Unleaded Recommended)
2010;Audi;Lamborghini;Gallardo Coupe;Manual(M6);14;Gasoline (Premium Unleaded Recommended)
2010;Audi;Lamborghini;Gallardo Spyder;Auto(AM6);16;Gasoline (Premium Unleaded Recommended)
2010;Audi;Lamborghini;Gallardo Spyder;Manual(M6);13;Gasoline (Premium Unleaded Recommended)
2010;Lamborghini;Lamborghini;MURCIELAGO;Manual(M7);10,1;Gasoline (Premium Unleaded Recommended)
2010;Lamborghini;Lamborghini;MURCIELAGO;Auto(AM7);10,9;Gasoline (Premium Unleaded Recommended)
2010;Lamborghini;Lamborghini;Murcielago Reventon Roadster;Auto(AM7);10,9;Gasoline (Premium Unleaded Recommended)
2010;Lamborghini;Lamborghini;MURCIELAGO ROADSTER;Manual(M7);10,1;Gasoline (Premium Unleaded Recommended)
2010;Lamborghini;Lamborghini;MURCIELAGO ROADSTER;Auto(AM7);10,9;Gasoline (Premium Unleaded Recommended)
2010;Lotus;Lotus Cars Ltd;Elise / Exige;Manual(M6);26,4646;Gasoline (Premium Unleaded Recommended)
2010;Lotus;Lotus Cars Ltd;Elise / Exige;Manual(M6);25,1813;Gasoline (Premium Unleaded Recommended)
2010;MAZDA;MAZDA;MX-5;Manual(M5);28,3744;Gasoline (Premium Unleaded Recommended)
2010;MAZDA;MAZDA;MX-5;Manual(M6);26,9;Gasoline (Premium Unleaded Recommended)
2010;MAZDA;MAZDA;MX-5;Auto(S6);26,0367;Gasoline (Premium Unleaded Recommended)
2010;Mercedes-Benz;Mercedes-Benz;SL 550;Auto(A7);16,5;Gasoline (Premium Unleaded Required)
2010;Mercedes-Benz;Mercedes-Benz;SLK 300;Manual(M6);21,9;Gasoline (Premium Unleaded Required)
2010;Mercedes-Benz;Mercedes-Benz;SLK 300;Auto(A7);23,3;Gasoline (Premium Unleaded Required)
2010;Mercedes-Benz;Mercedes-Benz;SLK 350;Auto(A7);22,5;Gasoline (Premium Unleaded Required)
2010;Mercedes-Benz;Mercedes-Benz;SLK 350;Manual(M6);20,8;Gasoline (Premium Unleaded Required)
2010;Mercedes-Benz;Mercedes-Benz;SLK 55 AMG;Auto(A7);17,7;Gasoline (Premium Unleaded Required)
2010;Mercedes-Benz;Mercedes-Benz;Smart fortwo (CABRIOLET);Auto(AM5);44,3;Gasoline (Premium Unleaded Required)
2010;Mercedes-Benz;Mercedes-Benz;Smart fortwo (COUPE);Auto(AM5);44,3;Gasoline (Premium Unleaded Required)
2010;Nissan;NISSAN;370Z;Manual(M6);22,6;Gasoline (Premium Unleaded Required)
2010;Nissan;NISSAN;370Z;Auto(S7);23,6264;Gasoline (Premium Unleaded Required)
2010;Nissan;NISSAN;370Z ROADSTER;Auto(S7);22,5434;Gasoline (Premium Unleaded Required)
2010;Nissan;NISSAN;370Z ROADSTER;Manual(M6);22,2;Gasoline (Premium Unleaded Required)
2010;GM;Pontiac;SOLSTICE;Auto(A5);23,4;Gasoline (Regular Unleaded Recommended)
2010;GM;Pontiac;SOLSTICE;Manual(M5);24,2999;Gasoline (Regular Unleaded Recommended)
2010;GM;Pontiac;SOLSTICE;Auto(A5);23,5;Gasoline (Regular Unleaded Recommended)
2010;GM;Pontiac;SOLSTICE;Manual(M5);24;Gasoline (Regular Unleaded Recommended)
2010;Porsche;Porsche;911 GT3;Manual(M6);17,221;Gasoline (Premium Unleaded Recommended)
2010;Porsche;Porsche;911 GT3 RS;Manual(M6);16,7855;Gasoline (Premium Unleaded Recommended)
2010;Porsche;Porsche;Boxster;Manual(M6);23,4331;Gasoline (Premium Unleaded Recommended)
2010;Porsche;Porsche;Boxster;Auto(A7);25,4809;Gasoline (Premium Unleaded Recommended)
2010;Porsche;Porsche;Boxster S;Manual(M6);23,666;Gasoline (Premium Unleaded Recommended)
2010;Porsche;Porsche;Boxster S;Auto(A7);24,6814;Gasoline (Premium Unleaded Recommended)
2010;Porsche;Porsche;Cayman;Manual(M6);23,4331;Gasoline (Premium Unleaded Recommended)
2010;Porsche;Porsche;Cayman;Auto(A7);25,4809;Gasoline (Premium Unleaded Recommended)
2010;Porsche;Porsche;Cayman S;Manual(M6);23,666;Gasoline (Premium Unleaded Recommended)
2010;Porsche;Porsche;Cayman S;Auto(A7);24,6814;Gasoline (Premium Unleaded Recommended)
2010;GM;Saturn;SKY;Auto(A5);23,4;Gasoline (Regular Unleaded Recommended)
2010;GM;Saturn;SKY;Manual(M5);24,2999;Gasoline (Regular Unleaded Recommended)
2010;GM;Saturn;SKY;Manual(M5);24;Gasoline (Regular Unleaded Recommended)
2010;GM;Saturn;SKY;Auto(A5);23,5;Gasoline (Regular Unleaded Recommended)
2010;Spyker;Spyker;C8 Aileron;Auto(A6);17,101;Gasoline (Premium Unleaded Recommended)
2010;aston martin;Aston Martin Lagonda Ltd;DB9;Manual(M6);13,7715;Gasoline (Premium Unleaded Recommended)
2010;aston martin;Aston Martin Lagonda Ltd;DB9;Auto(S6);16,1311;Gasoline (Premium Unleaded Recommended)
2010;aston martin;Aston Martin Lagonda Ltd;DBS;Manual(M6);13,7271;Gasoline (Premium Unleaded Recommended)
2010;aston martin;Aston Martin Lagonda Ltd;DBS;Auto(S6);14,4084;Gasoline (Premium Unleaded Recommended)
2010;Ferrari;Ferrari North America, Inc.;Ferrari California;Auto(AM7);15,5196;Gasoline (Premium Unleaded Required)
2010;Jaguar Cars;Jaguar Cars Ltd;Jaguar XK;Auto(S6);19,7197;Gasoline (Premium Unleaded Recommended)
2010;Jaguar Cars;Jaguar Cars Ltd;Jaguar XK;Auto(S6);18,4637;Gasoline (Premium Unleaded Recommended)
2010;Jaguar Cars;Jaguar Cars Ltd;XK Convertible;Auto(S6);19,4171;Gasoline (Premium Unleaded Recommended)
2010;Toyota;LEXUS;SC 430;Auto(S6);20,2995;Gasoline (Premium Unleaded Required)
2010;Lotus;Lotus Cars Ltd;Evora;Manual(M6);21,5;Gasoline (Premium Unleaded Recommended)
2010;BMW;Mini;Mini Convertible;Manual(M6);36,8043;Gasoline (Premium Unleaded Recommended)
2010;BMW;Mini;Mini Convertible;Auto(S6);32,3205;Gasoline (Premium Unleaded Recommended)
2010;BMW;Mini;Mini Cooper;Manual(M6);37;Gasoline (Premium Unleaded Recommended)
2010;BMW;Mini;Mini Cooper;Auto(S6);32,3205;Gasoline (Premium Unleaded Recommended)
2010;BMW;Mini;Mini Cooper S;Auto(S6);30,0559;Gasoline (Premium Unleaded Recommended)
2010;BMW;Mini;Mini Cooper S;Manual(M6);33,7253;Gasoline (Premium Unleaded Recommended)
2010;BMW;Mini;Mini Cooper S Convertible;Auto(S6);30,0559;Gasoline (Premium Unleaded Recommended)
2010;BMW;Mini;Mini Cooper S Convertible;Manual(M6);33,7253;Gasoline (Premium Unleaded Recommended)
2010;BMW;Mini;Mini John Cooper Works;Manual(M6);31,8497;Gasoline (Premium Unleaded Recommended)
2010;BMW;Mini;Mini John Cooper Works Conv;Manual(M6);31,8497;Gasoline (Premium Unleaded Recommended)
2010;Mitsubishi Motors NA;Mitsubishi Motors North America;ECLIPSE SPYDER;Auto(S4);24,2472;Gasoline (Regular Unleaded Recommended)
2010;Mitsubishi Motors NA;Mitsubishi Motors North America;ECLIPSE SPYDER;Auto(S5);20,1;Gasoline (Premium Unleaded Required)
2010;Porsche;Porsche;911 Carrera;Manual(M6);23,183;Gasoline (Premium Unleaded Recommended)
2010;Porsche;Porsche;911 Carrera;Auto(A7);23,395;Gasoline (Premium Unleaded Recommended)
2010;Porsche;Porsche;911 Carrera 4;Manual(M6);22,9054;Gasoline (Premium Unleaded Recommended)
2010;Porsche;Porsche;911 Carrera 4;Auto(A7);23,0113;Gasoline (Premium Unleaded Recommended)
2010;Porsche;Porsche;911 Carrera 4 Cabriolet;Manual(M6);22,9054;Gasoline (Premium Unleaded Recommended)
2010;Porsche;Porsche;911 Carrera 4 Cabriolet;Auto(A7);22,8385;Gasoline (Premium Unleaded Recommended)
2010;Porsche;Porsche;911 Carrera 4 Targa;Manual(M6);22,9054;Gasoline (Premium Unleaded Recommended)
2010;Porsche;Porsche;911 Carrera 4 Targa;Auto(A7);22,8385;Gasoline (Premium Unleaded Recommended)
2010;Porsche;Porsche;911 Carrera 4S;Manual(M6);22,1397;Gasoline (Premium Unleaded Recommended)
2010;Porsche;Porsche;911 Carrera 4S;Auto(A7);23,0042;Gasoline (Premium Unleaded Recommended)
2010;Porsche;Porsche;911 Carrera 4S Cabriolet;Manual(M6);22,1397;Gasoline (Premium Unleaded Recommended)
2010;Porsche;Porsche;911 Carrera 4S Cabriolet;Auto(A7);23,2385;Gasoline (Premium Unleaded Recommended)
2010;Porsche;Porsche;911 Carrera 4S Targa;Manual(M6);22,1397;Gasoline (Premium Unleaded Recommended)
2010;Porsche;Porsche;911 Carrera 4S Targa;Auto(A7);23,2385;Gasoline (Premium Unleaded Recommended)
2010;Porsche;Porsche;911 Carrera Cabriolet;Manual(M6);23,183;Gasoline (Premium Unleaded Recommended)
2010;Porsche;Porsche;911 Carrera Cabriolet;Auto(A7);23,395;Gasoline (Premium Unleaded Recommended)
2010;Porsche;Porsche;911 Carrera S;Manual(M6);22,6266;Gasoline (Premium Unleaded Recommended)
2010;Porsche;Porsche;911 Carrera S;Auto(A7);23,4637;Gasoline (Premium Unleaded Recommended)
2010;Porsche;Porsche;911 Carrera S Cabriolet;Auto(A7);23,4637;Gasoline (Premium Unleaded Recommended)
2010;Porsche;Porsche;911 Carrera S Cabriolet;Manual(M6);22,6266;Gasoline (Premium Unleaded Recommended)
2010;Porsche;Porsche;911 Turbo Cabriolet;Auto(A7);19,7489;Gasoline (Premium Unleaded Recommended)
2010;Porsche;Porsche;911 Turbo Cabriolet;Manual(M6);20,0177;Gasoline (Premium Unleaded Recommended)
2010;Porsche;Porsche;911 Turbo Coupe;Auto(A7);20,6416;Gasoline (Premium Unleaded Recommended)
2010;Porsche;Porsche;911 Turbo Coupe;Manual(M6);20,5187;Gasoline (Premium Unleaded Recommended)
2010;Porsche;Porsche;911 Turbo S Cabriolet;Auto(A7);19,7489;Gasoline (Premium Unleaded Recommended)
2010;Porsche;Porsche;911 Turbo S Coupe;Auto(A7);20,6416;Gasoline (Premium Unleaded Recommended)
2010;Volkswagen;Volkswagen;NEW BEETLE CONVERTIBLE;Auto(S6);24,8461;Gasoline (Regular Unleaded Recommended)
2010;aston martin;Aston Martin Lagonda Ltd;Rapide;Auto(S6);15,6348;Gasoline (Premium Unleaded Recommended)
2010;Audi;Audi;A5 Cabriolet;Auto(AV);29,2373;Gasoline (Premium Unleaded Recommended)
2010;Audi;Audi;A5 Cabriolet quattro;Auto(S6);25,9;Gasoline (Premium Unleaded Recommended)
2010;Audi;Audi;A5 QUATTRO;Auto(S6);25,9563;Gasoline (Premium Unleaded Recommended)
2010;Audi;Audi;A5 QUATTRO;Manual(M6);27,6402;Gasoline (Premium Unleaded Recommended)
2010;Audi;Audi;A5 QUATTRO;Auto(S6);22,6;Gasoline (Premium Unleaded Recommended)
2010;Audi;Audi;S5;Auto(S6);20,4;Gasoline (Premium Unleaded Recommended)
2010;Audi;Audi;S5;Manual(M6);17,3;Gasoline (Premium Unleaded Recommended)
2010;Audi;Audi;S5 Cabriolet;Auto(S7);20,3;Gasoline (Premium Unleaded Recommended)
2010;Audi;Audi;TT COUPE QUATTRO;Auto(S6);27,5267;Gasoline (Premium Unleaded Recommended)
2010;Bentley;Bentley Motors Ltd.;Continental GTC;Auto(S6);12,5281;Gasoline (Premium Unleaded Recommended)
2010;BMW;BMW;128Ci Convertible;Auto(S6);22,5958;Gasoline (Premium Unleaded Recommended)
2010;BMW;BMW;128Ci Convertible;Manual(M6);22,7853;Gasoline (Premium Unleaded Recommended)
2010;BMW;BMW;128i;Auto(S6);23,1565;Gasoline (Premium Unleaded Recommended)
2010;BMW;BMW;128i;Manual(M6);22,7853;Gasoline (Premium Unleaded Recommended)
2010;BMW;BMW;135i;Auto(S6);22;Gasoline (Premium Unleaded Recommended)
2010;BMW;BMW;135i;Manual(M6);22,0566;Gasoline (Premium Unleaded Recommended)
2010;BMW;BMW;135i Convertible;Auto(S6);21,6229;Gasoline (Premium Unleaded Recommended)
2010;BMW;BMW;135i Convertible;Manual(M6);21,6278;Gasoline (Premium Unleaded Recommended)
2010;BMW;BMW;328Ci;Auto(S6);23,1565;Gasoline (Premium Unleaded Recommended)
2010;BMW;BMW;328Ci;Manual(M6);22,7853;Gasoline (Premium Unleaded Recommended)
2010;BMW;BMW;328Ci Convertible;Auto(S6);22,5958;Gasoline (Premium Unleaded Recommended)
2010;BMW;BMW;328Ci Convertible;Manual(M6);20,9607;Gasoline (Premium Unleaded Recommended)
2010;BMW;BMW;328Ci xDrive;Auto(S6);21,8875;Gasoline (Premium Unleaded Recommended)
2010;BMW;BMW;328Ci xDrive;Manual(M6);20,7054;Gasoline (Premium Unleaded Recommended)
2010;BMW;BMW;335Ci;Auto(S6);21,6229;Gasoline (Premium Unleaded Recommended)
2010;BMW;BMW;335Ci;Manual(M6);21,6278;Gasoline (Premium Unleaded Recommended)
2010;BMW;BMW;335Ci Convertible;Auto(S6);21,6229;Gasoline (Premium Unleaded Recommended)
2010;BMW;BMW;335Ci Convertible;Manual(M6);21,6278;Gasoline (Premium Unleaded Recommended)
2010;BMW;BMW;335Ci xDrive;Auto(S6);20,9535;Gasoline (Premium Unleaded Recommended)
2010;BMW;BMW;335Ci xDrive;Manual(M6);20,5025;Gasoline (Premium Unleaded Recommended)
2010;BMW;BMW;650Ci;Manual(M6);18,7597;Gasoline (Premium Unleaded Recommended)
2010;BMW;BMW;650Ci;Auto(S6);19,0385;Gasoline (Premium Unleaded Recommended)
2010;BMW;BMW;650CI Convertible;Manual(M6);17,4;Gasoline (Premium Unleaded Recommended)
2010;BMW;BMW;650CI Convertible;Auto(S6);18,7;Gasoline (Premium Unleaded Recommended)
2010;BMW;BMW;M3 Convertible;Auto(S7);16,671;Gasoline (Premium Unleaded Recommended)
2010;BMW;BMW;M3 Convertible;Manual(M6);16,6;Gasoline (Premium Unleaded Recommended)
2010;BMW;BMW;M3 Coupe;Manual(M6);17,1;Gasoline (Premium Unleaded Recommended)
2010;BMW;BMW;M3 Coupe;Auto(S7);16,9853;Gasoline (Premium Unleaded Recommended)
2010;BMW;BMW;M6;Manual(M6);13,109;Gasoline (Premium Unleaded Recommended)
2010;BMW;BMW;M6;Auto(S7);13,0599;Gasoline (Premium Unleaded Recommended)
2010;BMW;BMW;M6 Convertible;Manual(M6);12,9;Gasoline (Premium Unleaded Recommended)
2010;BMW;BMW;M6 Convertible;Auto(S7);12,9504;Gasoline (Premium Unleaded Recommended)
2010;GDX;CHEVROLET;AVEO 5;Auto(A4);31,8;Gasoline (Regular Unleaded Recommended)
2010;GDX;CHEVROLET;AVEO 5;Manual(M5);34,8;Gasoline (Regular Unleaded Recommended)
2010;GM;Chevrolet;COBALT COUPE;Manual(M5);32,8;Gasoline (Regular Unleaded Recommended)
2010;GM;Chevrolet;COBALT COUPE;Auto(A4);30,1;Gasoline (Regular Unleaded Recommended)
2010;GM;Chevrolet;COBALT SS COUPE;Manual(M5);28,1;Gasoline (Regular Unleaded Recommended)
2010;GM;Chevrolet;COBALT XFE COUPE;Manual(M5);32,8;Gasoline (Regular Unleaded Recommended)
2010;FOMOCO;Ford Division;MUSTANG;Auto(A5);20,3374;Gasoline (Regular Unleaded Recommended)
2010;FOMOCO;Ford Division;MUSTANG;Manual(M5);22,347;Gasoline (Regular Unleaded Recommended)
2010;FOMOCO;Ford Division;MUSTANG;Auto(A5);21,2165;Gasoline (Regular Unleaded Recommended)
2010;FOMOCO;Ford Division;MUSTANG;Manual(M5);20,5;Gasoline (Regular Unleaded Recommended)
2010;FOMOCO;Ford Division;MUSTANG;Manual(M6);17,7;Gasoline (Premium Unleaded Recommended)
2010;Honda;Honda;CIVIC;Auto(A5);31;Compressed Natural Gas
2010;Honda;Honda;CIVIC;Manual(M5);33,9;Gasoline (Regular Unleaded Recommended)
2010;Honda;Honda;CIVIC;Auto(A5);32,978;Gasoline (Regular Unleaded Recommended)
2010;Honda;Honda;CIVIC;Manual(M6);25,6;Gasoline (Premium Unleaded Recommended)
2010;Hyundai;HYUNDAI MOTOR COMPANY;GENESIS COUPE;Auto(A5);25,2;Gasoline (Regular Unleaded Recommended)
2010;Hyundai;HYUNDAI MOTOR COMPANY;GENESIS COUPE;Manual(M6);26;Gasoline (Regular Unleaded Recommended)
2010;Hyundai;HYUNDAI MOTOR COMPANY;GENESIS COUPE;Auto(A6);21,9;Gasoline (Regular Unleaded Recommended)
2010;Hyundai;HYUNDAI MOTOR COMPANY;GENESIS COUPE;Manual(M6);21,7;Gasoline (Regular Unleaded Recommended)
2010;Nissan;INFINITI;G37 CONVERTIBLE;Manual(M6);20;Gasoline (Premium Unleaded Required)
2010;Nissan;INFINITI;G37 CONVERTIBLE;Auto(S7);21,7211;Gasoline (Premium Unleaded Required)
2010;Nissan;INFINITI;G37 COUPE;Manual(M6);20,6879;Gasoline (Premium Unleaded Required)
2010;Nissan;INFINITI;G37 COUPE;Auto(S7);23,6465;Gasoline (Premium Unleaded Required)
2010;Nissan;INFINITI;G37X COUPE;Auto(S7);22,1981;Gasoline (Premium Unleaded Required)
2010;Toyota;LEXUS;IS 250 AWD;Auto(S6);24,5898;Gasoline (Premium Unleaded Required)
2010;Toyota;LEXUS;IS 250/IS 250C;Manual(M6);22,6596;Gasoline (Premium Unleaded Required)
2010;Toyota;LEXUS;IS 250/IS 250C;Auto(S6);26,2372;Gasoline (Premium Unleaded Required)
2010;Toyota;LEXUS;IS 350/IS 350C;Auto(S6);23,7156;Gasoline (Premium Unleaded Required)
2010;Toyota;LEXUS;IS F;Auto(S8);19,6214;Gasoline (Premium Unleaded Required)
2010;Maserati;MASERATI;GRANTURISMO;Auto(A6);15,6617;Gasoline (Premium Unleaded Required)
2010;Maserati;MASERATI;GRANTURISMO;Auto(A6);14,7928;Gasoline (Premium Unleaded Required)
2010;Maserati;MASERATI;Granturismo Convertible;Auto(A6);14,9031;Gasoline (Premium Unleaded Required)
2010;MAZDA;MAZDA;RX-8;Manual(M6);20,4;Gasoline (Premium Unleaded Required)
2010;MAZDA;MAZDA;RX-8;Auto(S6);20,2;Gasoline (Premium Unleaded Required)
2010;Mercedes-Benz;Mercedes-Benz;E 350 Coupe;Auto(A7);21,4846;Gasoline (Premium Unleaded Required)
2010;Mercedes-Benz;Mercedes-Benz;E 550 (coupe);Auto(A7);18,7;Gasoline (Premium Unleaded Required)
2010;BMW;Mini;Mini Clubman;Manual(M6);36,8043;Gasoline (Premium Unleaded Recommended)
2010;BMW;Mini;Mini Clubman;Auto(S6);32,3205;Gasoline (Premium Unleaded Recommended)
2010;BMW;Mini;Mini Clubman S;Auto(S6);30,0559;Gasoline (Premium Unleaded Recommended)
2010;BMW;Mini;Mini Clubman S;Manual(M6);33,7253;Gasoline (Premium Unleaded Recommended)
2010;BMW;Mini;Mini John Cooper Works Clubman;Manual(M6);31,8497;Gasoline (Premium Unleaded Recommended)
2010;Mitsubishi Motors NA;Mitsubishi Motors North America;ECLIPSE;Manual(M5);25,133;Gasoline (Regular Unleaded Recommended)
2010;Mitsubishi Motors NA;Mitsubishi Motors North America;ECLIPSE;Auto(S4);25,1882;Gasoline (Regular Unleaded Recommended)
2010;Mitsubishi Motors NA;Mitsubishi Motors North America;ECLIPSE;Manual(M6);20;Gasoline (Premium Unleaded Required)
2010;Mitsubishi Motors NA;Mitsubishi Motors North America;ECLIPSE;Auto(S5);20,1;Gasoline (Premium Unleaded Recommended)
2010;Nissan;NISSAN;ALTIMA COUPE;Auto(AV-S6);29,4266;Gasoline (Regular Unleaded Recommended)
2010;Nissan;NISSAN;ALTIMA COUPE;Manual(M6);29;Gasoline (Regular Unleaded Recommended)
2010;Nissan;NISSAN;ALTIMA COUPE;Manual(M6);22,9222;Gasoline (Regular Unleaded Recommended)
2010;Nissan;NISSAN;ALTIMA COUPE;Auto(AV-S6);25,7;Gasoline (Regular Unleaded Recommended)
2010;Nissan;NISSAN;GT-R;Auto(AM6);18,8216;Gasoline (Premium Unleaded Required)
2010;GM;Pontiac;G5;Manual(M5);32,8;Gasoline (Regular Unleaded Recommended)
2010;GM;Pontiac;G5;Auto(A4);30,1;Gasoline (Regular Unleaded Recommended)
2010;GM;Pontiac;G5 GT;Auto(A4);30,1;Gasoline (Regular Unleaded Recommended)
2010;GM;Pontiac;G5 GT;Manual(M5);32,8;Gasoline (Regular Unleaded Recommended)
2010;GM;Pontiac;G5 XFE;Manual(M5);32,8;Gasoline (Regular Unleaded Recommended)
2010;Roush;Roush Industries, Inc.;Stage 3 Mustang;Auto(A5);17,61;Gasoline (Premium Unleaded Required)
2010;Roush;Roush Industries, Inc.;Stage 3 Mustang;Manual(M5);18,66;Gasoline (Premium Unleaded Required)
2010;GM;Saab;9-3 CONVERTIBLE;Manual(M6);24,9;Gasoline (Regular Unleaded Recommended)
2010;GM;Saab;9-3 CONVERTIBLE;Auto(S5);23,5;Gasoline (Regular Unleaded Recommended)
2010;GDX;SUZUKI;SWIFT +;Manual(M5);34,8;Gasoline (Regular Unleaded Recommended)
2010;GDX;SUZUKI;SWIFT +;Auto(A4);30,2;Gasoline (Regular Unleaded Recommended)
2010;Toyota;TOYOTA;SCION tC;Auto(A4);26;Gasoline (Regular Unleaded Recommended)
2010;Toyota;TOYOTA;SCION tC;Manual(M5);25,6;Gasoline (Regular Unleaded Recommended)
2010;Toyota;TOYOTA;SCION xD;Auto(A4);34,5;Gasoline (Regular Unleaded Recommended)
2010;Toyota;TOYOTA;SCION xD;Manual(M5);34,7;Gasoline (Regular Unleaded Recommended)
2010;Toyota;TOYOTA;YARIS;Auto(A4);37,4596;Gasoline (Regular Unleaded Recommended)
2010;Toyota;TOYOTA;YARIS;Manual(M5);37,6789;Gasoline (Regular Unleaded Recommended)
2010;Audi;Volkswagen;EOS;Manual(M6);26,0803;Gasoline (Premium Unleaded Recommended)
2010;Volkswagen;Volkswagen;EOS;Auto(S6);28,0251;Gasoline (Premium Unleaded Recommended)
2010;Volkswagen;Volkswagen;NEW BEETLE;Auto(S6);25,1733;Gasoline (Regular Unleaded Recommended)
2010;Volkswagen;Volkswagen;NEW BEETLE;Manual(M5);24,9892;Gasoline (Regular Unleaded Recommended)
2010;Volvo;Volvo Cars of North America, LLC;C70 FWD;Auto(S5);23,1;Gasoline (Regular Unleaded Recommended)
2010;Volvo;Volvo Cars of North America, LLC;C70 FWD;Manual(M6);24,2;Gasoline (Regular Unleaded Recommended)
2010;Honda;Acura;TSX;Manual(M6);24,9;Gasoline (Premium Unleaded Recommended)
2010;Honda;Acura;TSX;Auto(S5);27,1;Gasoline (Premium Unleaded Recommended)
2010;Honda;Acura;TSX;Auto(S5);23,2;Gasoline (Premium Unleaded Recommended)
2010;Audi;Audi;A4;Auto(AV);29,2373;Gasoline (Premium Unleaded Recommended)
2010;Audi;Audi;A4 QUATTRO;Auto(S6);25,9563;Gasoline (Premium Unleaded Recommended)
2010;Audi;Audi;A4 QUATTRO;Manual(M6);27,6402;Gasoline (Premium Unleaded Recommended)
2010;Audi;Audi;S4;Manual(M6);21,5;Gasoline (Premium Unleaded Recommended)
2010;Audi;Audi;S4;Auto(S7);21,6;Gasoline (Premium Unleaded Recommended)
2010;Bentley;Bentley Motors Ltd.;Azure;Auto(A6);11,5068;Gasoline (Premium Unleaded Recommended)
2010;Bentley;Bentley Motors Ltd.;Brooklands;Auto(A6);11,5068;Gasoline (Premium Unleaded Recommended)
2010;Bentley;Bentley Motors Ltd.;Continental GT;Auto(S6);12,8;Gasoline (Premium Unleaded Recommended)
2010;BMW;BMW;328i;Auto(S6);23,1565;Gasoline (Premium Unleaded Recommended)
2010;BMW;BMW;328i;Manual(M6);22,7853;Gasoline (Premium Unleaded Recommended)
2010;BMW;BMW;328i xDrive;Auto(S6);21,8875;Gasoline (Premium Unleaded Recommended)
2010;BMW;BMW;328i xDrive;Manual(M6);20,7054;Gasoline (Premium Unleaded Recommended)
2010;BMW;BMW;335d;Auto(S6);29;Diesel, ultra low sulfur (15 ppm, maximum)
2010;BMW;BMW;335i;Auto(S6);21,6229;Gasoline (Premium Unleaded Recommended)
2010;BMW;BMW;335i;Manual(M6);21,6278;Gasoline (Premium Unleaded Recommended)
2010;BMW;BMW;335i xDrive;Auto(S6);20,9535;Gasoline (Premium Unleaded Recommended)
2010;BMW;BMW;335i xDrive;Manual(M6);20,5025;Gasoline (Premium Unleaded Recommended)
2010;BMW;BMW;M3;Manual(M6);17,1;Gasoline (Premium Unleaded Recommended)
2010;BMW;BMW;M3;Auto(S7);16,9853;Gasoline (Premium Unleaded Recommended)
2010;GDX;CHEVROLET;AVEO;Auto(A4);31,8;Gasoline (Regular Unleaded Recommended)
2010;GDX;CHEVROLET;AVEO;Manual(M5);34,8;Gasoline (Regular Unleaded Recommended)
2010;GM;Chevrolet;CAMARO;Manual(M6);21,2999;Gasoline (Regular Unleaded Recommended)
2010;GM;Chevrolet;CAMARO;Auto(S6);22,9;Gasoline (Regular Unleaded Recommended)
2010;GM;Chevrolet;CAMARO;Manual(M6);19,7999;Gasoline (Regular Unleaded Recommended)
2010;GM;Chevrolet;CAMARO;Auto(S6);19,7999;Gasoline (Regular Unleaded Recommended)
2010;GM;Chevrolet;COBALT SEDAN;Manual(M5);32,8;Gasoline (Regular Unleaded Recommended)
2010;GM;Chevrolet;COBALT SEDAN;Auto(A4);30,1;Gasoline (Regular Unleaded Recommended)
2010;GM;Chevrolet;COBALT XFE SEDAN;Manual(M5);32,8;Gasoline (Regular Unleaded Recommended)
2010;Chrysler Group LLC;Chrysler;Sebring Convertible;Auto(A4);25,3;Gasoline (Regular Unleaded Recommended)
2010;Chrysler Group LLC;Chrysler;Sebring Convertible;Auto(A4);22,4;Gasoline (Regular Unleaded Recommended)
2010;Chrysler Group LLC;Chrysler;Sebring Convertible;Auto(A6);20,3;Gasoline (Regular Unleaded Recommended)
2010;Chrysler Group LLC;Dodge;Challenger;Auto(A5);22,1;Gasoline (Regular Unleaded Recommended)
2010;Chrysler Group LLC;Dodge;Challenger;Auto(A5);19,3;Gasoline (Regular Unleaded Recommended)
2010;Chrysler Group LLC;Dodge;Challenger;Manual(M6);19;Gasoline (Regular Unleaded Recommended)
2010;Chrysler Group LLC;Dodge;Challenger;Manual(M6);16,8;Gasoline (Premium Unleaded Recommended)
2010;Chrysler Group LLC;Dodge;Challenger;Auto(A5);16,3;Gasoline (Premium Unleaded Recommended)
2010;FOMOCO;Ford Division;FOCUS FWD;Auto(A4);31,2525;Gasoline (Regular Unleaded Recommended)
2010;FOMOCO;Ford Division;FOCUS FWD;Manual(M5);30,9;Gasoline (Regular Unleaded Recommended)
2010;Honda;Honda;ACCORD 2DR COUPE;Manual(M5);27,9;Gasoline (Regular Unleaded Recommended)
2010;Honda;Honda;ACCORD 2DR COUPE;Auto(A5);27,1733;Gasoline (Regular Unleaded Recommended)
2010;Honda;Honda;ACCORD 2DR COUPE;Manual(M6);21,4;Gasoline (Regular Unleaded Recommended)
2010;Honda;Honda;ACCORD 2DR COUPE;Auto(A5);23,7;Gasoline (Regular Unleaded Recommended)
2010;Honda;Honda;CIVIC HYBRID;Auto(AV);54,6;Gasoline (Regular Unleaded Recommended)
2010;Honda;Honda;INSIGHT;Auto(AV-S7);54,3737;Gasoline (Regular Unleaded Recommended)
2010;Honda;Honda;INSIGHT;Auto(AV);54,6779;Gasoline (Regular Unleaded Recommended)
2010;Hyundai;HYUNDAI MOTOR COMPANY;ACCENT;Auto(A4);34,5;Gasoline (Regular Unleaded Recommended)
2010;Hyundai;HYUNDAI MOTOR COMPANY;ACCENT;Manual(M5);36,1;Gasoline (Regular Unleaded Recommended)
2010;Hyundai;HYUNDAI MOTOR COMPANY;ACCENT BLUE;Manual(M5);35,1726;Gasoline (Regular Unleaded Recommended)
2010;Kia;KIA MOTORS CORPORATION;FORTE;Auto(A4);32,1433;Gasoline (Regular Unleaded Recommended)
2010;Kia;KIA MOTORS CORPORATION;FORTE;Auto(A5);34,3743;Gasoline (Regular Unleaded Recommended)
2010;Kia;KIA MOTORS CORPORATION;FORTE;Manual(M5);31,6;Gasoline (Regular Unleaded Recommended)
2010;Kia;KIA MOTORS CORPORATION;FORTE;Auto(A5);28,8947;Gasoline (Regular Unleaded Recommended)
2010;Kia;KIA MOTORS CORPORATION;FORTE;Manual(M6);28,3;Gasoline (Regular Unleaded Recommended)
2010;Kia;KIA MOTORS CORPORATION;RIO;Auto(A4);34,8298;Gasoline (Regular Unleaded Recommended)
2010;Kia;KIA MOTORS CORPORATION;RIO;Manual(M5);36,6799;Gasoline (Regular Unleaded Recommended)
2010;Toyota;LEXUS;GS 450h;Auto(AV-S6);27,9;Gasoline (Premium Unleaded Required)
2010;Toyota;LEXUS;HS 250h;Auto(AV);47,163;Gasoline (Regular Unleaded Recommended)
2010;MAZDA;MAZDA;MAZDA3;Auto(S5);30,2378;Gasoline (Regular Unleaded Recommended)
2010;MAZDA;MAZDA;MAZDA3;Manual(M5);31,8956;Gasoline (Regular Unleaded Recommended)
2010;MAZDA;MAZDA;MAZDA3;Manual(M6);26,0967;Gasoline (Regular Unleaded Recommended)
2010;MAZDA;MAZDA;MAZDA3;Auto(S5);28,3381;Gasoline (Regular Unleaded Recommended)
2010;Mercedes-Benz;Mercedes-Benz;C 300;Manual(M6);22,3;Gasoline (Premium Unleaded Required)
2010;Mercedes-Benz;Mercedes-Benz;C 300;Auto(A7);22,1677;Gasoline (Premium Unleaded Required)
2010;Mercedes-Benz;Mercedes-Benz;C 300;Auto(A7);22,8;Gasoline (Premium Unleaded Required)
2010;Mercedes-Benz;Mercedes-Benz;C 300 4MATIC;Auto(A7);22,1;Gasoline (Premium Unleaded Required)
2010;Mercedes-Benz;Mercedes-Benz;C 300 4MATIC;Auto(A7);21,7;Gasoline (Premium Unleaded Required)
2010;Mercedes-Benz;Mercedes-Benz;C 350;Auto(A7);21,4;Gasoline (Premium Unleaded Required)
2010;Mercedes-Benz;Mercedes-Benz;C 63 AMG;Auto(A7);15,1549;Gasoline (Premium Unleaded Required)
2010;Mercedes-Benz;Mercedes-Benz;CL 550 4MATIC;Auto(A7);17,4;Gasoline (Premium Unleaded Required)
2010;Mercedes-Benz;Mercedes-Benz;CL 600;Auto(A5);14,1;Gasoline (Premium Unleaded Required)
2010;Mercedes-Benz;Mercedes-Benz;CL 63 AMG;Auto(A7);14;Gasoline (Premium Unleaded Required)
2010;Mercedes-Benz;Mercedes-Benz;CL 65 AMG;Auto(A5);13,7;Gasoline (Premium Unleaded Required)
2010;Mercedes-Benz;Mercedes-Benz;CLS 550;Auto(A7);17,3;Gasoline (Premium Unleaded Required)
2010;Mercedes-Benz;Mercedes-Benz;CLS 63 AMG;Auto(A7);14,7388;Gasoline (Premium Unleaded Required)
2010;Mitsubishi Motors Co;Mitsubishi Motors Corporation;LANCER;Manual(M5);27,978;Gasoline (Regular Unleaded Recommended)
2010;Mitsubishi Motors Co;Mitsubishi Motors Corporation;LANCER;Auto(AV-S6);28,9;Gasoline (Regular Unleaded Recommended)
2010;Mitsubishi Motors Co;Mitsubishi Motors Corporation;LANCER;Auto(AM6);21,5;Gasoline (Premium Unleaded Required)
2010;Mitsubishi Motors Co;Mitsubishi Motors Corporation;LANCER;Manual(M5);25,8692;Gasoline (Regular Unleaded Recommended)
2010;Mitsubishi Motors Co;Mitsubishi Motors Corporation;LANCER;Auto(AV-S6);27,8512;Gasoline (Regular Unleaded Recommended)
2010;Mitsubishi Motors Co;Mitsubishi Motors Corporation;LANCER EVOLUTION;Manual(M5);20,2;Gasoline (Premium Unleaded Required)
2010;Mitsubishi Motors Co;Mitsubishi Motors Corporation;LANCER EVOLUTION;Auto(AM6);20,6;Gasoline (Premium Unleaded Required)
2010;GDX;PONTIAC;G3 (5 DOOR);Auto(A4);31,8;Gasoline (Regular Unleaded Recommended)
2010;GDX;PONTIAC;G3 (5 DOOR);Manual(M5);34,8;Gasoline (Regular Unleaded Recommended)
2010;GM;Pontiac;G6;Auto(A4);27,4;Gasoline (Regular Unleaded Recommended)
2010;GM;Pontiac;G6;Auto(S6);27,7999;Gasoline (Regular Unleaded Recommended)
2010;GM;Pontiac;G6;Auto(A4);27,4;Gasoline (Regular Unleaded Recommended)
2010;GM;Pontiac;G6;Auto(S6);27,7999;Gasoline (Regular Unleaded Recommended)
2010;GM;Pontiac;G6;Auto(A4);22,9;Gasoline (Regular Unleaded Recommended)
2010;GM;Pontiac;G6;Auto(A4);24,1;Gasoline (Regular Unleaded Recommended)
2010;GM;Pontiac;G6;Auto(S6);21,4;Gasoline (Regular Unleaded Recommended)
2010;GM;Pontiac;G6;Auto(S4);19;Gasoline (Regular Unleaded Recommended)
2010;Rolls-Royce;Rolls-Royce Motor Cars Limited;Phantom Coupe;Auto(S6);13,9939;Gasoline (Premium Unleaded Recommended)
2010;Rolls-Royce;Rolls-Royce Motor Cars Limited;Phantom Drophead Coupe;Auto(S6);13,9939;Gasoline (Premium Unleaded Recommended)
2010;GM;Saab;9-3 SEDAN AWD;Auto(S5);23,9;Gasoline (Premium Unleaded Required)
2010;GM;Saab;9-3 SEDAN AWD;Manual(M6);25,1304;Gasoline (Regular Unleaded Recommended)
2010;GM;Saab;9-3 SEDAN AWD;Auto(S6);21,8327;Gasoline (Regular Unleaded Recommended)
2010;GM;Saab;9-3 SPORT SEDAN;Manual(M6);26,5;Gasoline (Regular Unleaded Recommended)
2010;GM;Saab;9-3 SPORT SEDAN;Auto(S5);23,632;Gasoline (Regular Unleaded Recommended)
2010;Subaru;Subaru;Impreza AWD;Manual(M5);24,8571;Gasoline (Regular Unleaded Recommended)
2010;Subaru;Subaru;Impreza AWD;Auto(S4);25,0678;Gasoline (Regular Unleaded Recommended)
2010;Subaru;Subaru;Impreza AWD;Manual(M5);23,0124;Gasoline (Premium Unleaded Recommended)
2010;Subaru;Subaru;Impreza AWD;Auto(S4);23,8512;Gasoline (Premium Unleaded Recommended)
2010;Suzuki;Suzuki;KIZASHI;Auto(AV);29,2794;Gasoline (Regular Unleaded Recommended)
2010;Suzuki;Suzuki;KIZASHI;Manual(M6);25,8524;Gasoline (Regular Unleaded Recommended)
2010;Suzuki;Suzuki;KIZASHI AWD;Auto(AV);28,0744;Gasoline (Regular Unleaded Recommended)
2010;Suzuki;Suzuki;KIZASHI S;Auto(AV);29,8696;Gasoline (Regular Unleaded Recommended)
2010;Suzuki;Suzuki;KIZASHI S;Manual(M6);26,7092;Gasoline (Regular Unleaded Recommended)
2010;Suzuki;Suzuki;KIZASHI S AWD;Auto(AV);28,7062;Gasoline (Regular Unleaded Recommended)
2010;Suzuki;Suzuki;SX4 SEDAN;Manual(M6);29,1254;Gasoline (Regular Unleaded Recommended)
2010;Suzuki;Suzuki;SX4 SEDAN;Auto(AV);32,516;Gasoline (Regular Unleaded Recommended)
2010;Suzuki;Suzuki;SX4 SPORT;Manual(M6);28,841;Gasoline (Regular Unleaded Recommended)
2010;Suzuki;Suzuki;SX4 SPORT;Auto(AV);29,4352;Gasoline (Regular Unleaded Recommended)
2010;Toyota;TOYOTA;COROLLA;Auto(A4);34,2;Gasoline (Regular Unleaded Recommended)
2010;Toyota;TOYOTA;COROLLA;Manual(M5);34;Gasoline (Regular Unleaded Recommended)
2010;Toyota;TOYOTA;COROLLA;Manual(M5);27,3;Gasoline (Regular Unleaded Recommended)
2010;Toyota;TOYOTA;COROLLA;Auto(S5);27,6;Gasoline (Regular Unleaded Recommended)
2010;Audi;Volkswagen;CC;Auto(S6);27,1189;Gasoline (Premium Unleaded Recommended)
2010;Audi;Volkswagen;CC;Manual(M6);26,0803;Gasoline (Premium Unleaded Recommended)
2010;Volkswagen;Volkswagen;CC;Auto(S6);21,2;Gasoline (Premium Unleaded Recommended)
2010;Volkswagen;Volkswagen;CC 4MOTION;Auto(S6);20,5;Gasoline (Premium Unleaded Recommended)
2010;Volkswagen;Volkswagen;GOLF;Auto(S6);Mod;Diesel, ultra low sulfur (15 ppm, maximum)
2010;Volkswagen;Volkswagen;GOLF;Manual(M6);Mod;Diesel, ultra low sulfur (15 ppm, maximum)
2010;Volkswagen;Volkswagen;GOLF;Manual(M5);25,18;Gasoline (Regular Unleaded Recommended)
2010;Volkswagen;Volkswagen;GOLF;Auto(S6);27,2668;Gasoline (Regular Unleaded Recommended)
2010;Audi;Volkswagen;GTI;Auto(S6);29,8294;Gasoline (Premium Unleaded Recommended)
2010;Audi;Volkswagen;GTI;Manual(M6);26,0803;Gasoline (Premium Unleaded Recommended)
2010;Audi;Volkswagen;JETTA;Auto(S6);29,8294;Gasoline (Premium Unleaded Recommended)
2010;Audi;Volkswagen;JETTA;Manual(M6);26,0803;Gasoline (Premium Unleaded Recommended)
2010;Volkswagen;Volkswagen;JETTA;Auto(S6);Mod;Diesel, ultra low sulfur (15 ppm, maximum)
2010;Volkswagen;Volkswagen;JETTA;Manual(M6);Mod;Diesel, ultra low sulfur (15 ppm, maximum)
2010;Volkswagen;Volkswagen;JETTA;Manual(M5);24,8525;Gasoline (Regular Unleaded Recommended)
2010;Volkswagen;Volkswagen;JETTA;Auto(S6);27,0008;Gasoline (Regular Unleaded Recommended)
2010;Volvo;Volvo Cars of North America, LLC;C30 FWD;Auto(S5);24,8;Gasoline (Regular Unleaded Recommended)
2010;Volvo;Volvo Cars of North America, LLC;C30 FWD;Manual(M5);25,4;Gasoline (Regular Unleaded Recommended)
2010;Volvo;Volvo Cars of North America, LLC;C30 FWD;Auto(S5);25,5;Gasoline (Regular Unleaded Recommended)
2010;Volvo;Volvo Cars of North America, LLC;C30 FWD;Manual(M6);25,5;Gasoline (Regular Unleaded Recommended)
2010;Volvo;Volvo Cars of North America, LLC;S40 AWD;Auto(S5);23,4;Gasoline (Regular Unleaded Recommended)
2010;Volvo;Volvo Cars of North America, LLC;S40 AWD;Manual(M6);23,9;Gasoline (Regular Unleaded Recommended)
2010;Volvo;Volvo Cars of North America, LLC;S40 FWD;Auto(S5);24,8;Gasoline (Regular Unleaded Recommended)
2010;Volvo;Volvo Cars of North America, LLC;S40 FWD;Manual(M5);25,4;Gasoline (Regular Unleaded Recommended)
2010;Volvo;Volvo Cars of North America, LLC;S40 FWD;Auto(S5);25,5;Gasoline (Regular Unleaded Recommended)
2010;Volvo;Volvo Cars of North America, LLC;S40 FWD;Manual(M6);25,5;Gasoline (Regular Unleaded Recommended)
2010;Honda;Acura;RL;Auto(S5);20;Gasoline (Premium Unleaded Recommended)
2010;Honda;Acura;TL 2WD;Auto(S5);22,6;Gasoline (Premium Unleaded Recommended)
2010;Honda;Acura;TL 4WD;Auto(S5);21,2;Gasoline (Premium Unleaded Recommended)
2010;Honda;Acura;TL 4WD;Manual(M6);21,9;Gasoline (Premium Unleaded Recommended)
2010;Audi;Audi;A6;Auto(AV);23;Gasoline (Premium Unleaded Recommended)
2010;Audi;Audi;A6 QUATTRO;Auto(S6);21,7553;Gasoline (Premium Unleaded Recommended)
2010;Audi;Audi;A6 QUATTRO;Auto(S6);19,8911;Gasoline (Premium Unleaded Recommended)
2010;Audi;Audi;A8;Auto(S6);19,8911;Gasoline (Premium Unleaded Recommended)
2010;Audi;Audi;S6;Auto(S6);17,2;Gasoline (Premium Unleaded Recommended)
2010;Bentley;Bentley Motors Ltd.;Continental Flying Spur;Auto(S6);12,5281;Gasoline (Premium Unleaded Recommended)
2010;BMW;BMW;528i;Auto(S6);22,5958;Gasoline (Premium Unleaded Recommended)
2010;BMW;BMW;528i;Manual(M6);22,7853;Gasoline (Premium Unleaded Recommended)
2010;BMW;BMW;528i xDrive;Auto(S6);21,8978;Gasoline (Premium Unleaded Recommended)
2010;BMW;BMW;528i xDrive;Manual(M6);20,7054;Gasoline (Premium Unleaded Recommended)
2010;BMW;BMW;535i;Auto(S6);21,362;Gasoline (Premium Unleaded Recommended)
2010;BMW;BMW;535i;Manual(M6);21,6278;Gasoline (Premium Unleaded Recommended)
2010;BMW;BMW;535i xDrive;Auto(S6);20,9535;Gasoline (Premium Unleaded Recommended)
2010;BMW;BMW;535i xDrive;Manual(M6);20,5025;Gasoline (Premium Unleaded Recommended)
2010;BMW;BMW;550i;Manual(M6);18,7597;Gasoline (Premium Unleaded Recommended)
2010;BMW;BMW;550i;Auto(S6);19,0385;Gasoline (Premium Unleaded Recommended)
2010;BMW;BMW;M5;Manual(M6);13,109;Gasoline (Premium Unleaded Recommended)
2010;BMW;BMW;M5;Auto(S7);13,0599;Gasoline (Premium Unleaded Recommended)
2010;GM;Buick;LACROSSE/ALLURE;Auto(S6);23,885;Gasoline (Regular Unleaded Recommended)
2010;GM;Buick;LACROSSE/ALLURE;Auto(S6);20,5999;Gasoline (Regular Unleaded Recommended)
2010;GM;Buick;LACROSSE/ALLURE;Auto(S6);21,5;Gasoline (Regular Unleaded Recommended)
2010;GM;Buick;LACROSSE/ALLURE AWD;Auto(S6);19,7;Gasoline (Regular Unleaded Recommended)
2010;GM;Cadillac;CTS;Auto(S6);23,0999;Gasoline (Regular Unleaded Recommended)
2010;GM;Cadillac;CTS;Manual(M6);19,9;Gasoline (Regular Unleaded Recommended)
2010;GM;Cadillac;CTS;Manual(M6);20,0999;Gasoline (Regular Unleaded Recommended)
2010;GM;Cadillac;CTS;Auto(S6);22,9;Gasoline (Regular Unleaded Recommended)
2010;GM;Cadillac;CTS;Auto(S6);14,49;Gasoline (Premium Unleaded Required)
2010;GM;Cadillac;CTS;Manual(M6);17,5;Gasoline (Premium Unleaded Required)
2010;GM;Cadillac;CTS AWD;Auto(S6);22;Gasoline (Regular Unleaded Recommended)
2010;GM;Cadillac;CTS AWD;Auto(S6);22,2999;Gasoline (Regular Unleaded Recommended)
2010;GM;Cadillac;STS;Auto(S6);22,9;Gasoline (Regular Unleaded Recommended)
2010;GM;Cadillac;STS;Auto(S6);18,5;Gasoline (Regular Unleaded Recommended)
2010;GM;Cadillac;STS AWD;Auto(S6);22,2999;Gasoline (Regular Unleaded Recommended)
2010;GM;Cadillac;STS AWD;Auto(S6);18,4;Gasoline (Regular Unleaded Recommended)
2010;GM;Chevrolet;MALIBU;Auto(A4);27,4;Gasoline (Regular Unleaded Recommended)
2010;GM;Chevrolet;MALIBU;Auto(S6);27,7999;Gasoline (Regular Unleaded Recommended)
2010;GM;Chevrolet;MALIBU;Auto(A4);27,4;Gasoline (Regular Unleaded Recommended)
2010;GM;Chevrolet;MALIBU;Auto(S6);27,7999;Gasoline (Regular Unleaded Recommended)
2010;GM;Chevrolet;MALIBU;Auto(A4);22,9;Gasoline (Regular Unleaded Recommended)
2010;GM;Chevrolet;MALIBU;Auto(A4);24,1;Gasoline (Regular Unleaded Recommended)
2010;GM;Chevrolet;MALIBU;Auto(S6);21,4;Gasoline (Regular Unleaded Recommended)
2010;GM;Chevrolet;MALIBU HYBRID;Auto(A4);33,2;Gasoline (Regular Unleaded Recommended)
2010;Chrysler Group LLC;Chrysler;Sebring;Auto(A4);26,9;Gasoline (Regular Unleaded Recommended)
2010;Chrysler Group LLC;Chrysler;Sebring;Auto(A4);24,2;Gasoline (Regular Unleaded Recommended)
2010;Chrysler Group LLC;Chrysler;Sebring;Auto(A6);20,3;Gasoline (Regular Unleaded Recommended)
2010;Chrysler Group LLC;Dodge;Avenger;Auto(A4);26,9;Gasoline (Regular Unleaded Recommended)
2010;Chrysler Group LLC;Dodge;Avenger;Auto(A4);24,2;Gasoline (Regular Unleaded Recommended)
2010;Chrysler Group LLC;Dodge;Avenger;Auto(A6);20,3;Gasoline (Regular Unleaded Recommended)
2010;Ferrari;Ferrari North America, Inc.;Ferrari 612 SCAGLIETTI;Auto(AM6);11,45;Gasoline (Premium Unleaded Required)
2010;Ferrari;Ferrari North America, Inc.;Ferrari 612 SCAGLIETTI;Manual(M6);11,7;Gasoline (Premium Unleaded Required)
2010;FOMOCO;Ford Division;FUSION AWD;Auto(S6);20,6981;Gasoline (Regular Unleaded Recommended)
2010;FOMOCO;Ford Division;FUSION AWD FFV;Auto(S6);22,2;Gasoline (Regular Unleaded Recommended)
2010;FOMOCO;Ford Division;FUSION FWD;Auto(A6);27,6878;Gasoline (Regular Unleaded Recommended)
2010;FOMOCO;Ford Division;FUSION FWD;Manual(M6);27,8;Gasoline (Regular Unleaded Recommended)
2010;FOMOCO;Ford Division;FUSION FWD;Auto(A6);23,5;Gasoline (Regular Unleaded Recommended)
2010;FOMOCO;Ford Division;FUSION FWD;Auto(S6);22,4;Gasoline (Regular Unleaded Recommended)
2010;FOMOCO;Ford Division;FUSION HYBRID FWD;Auto(AV);56,5;Gasoline (Regular Unleaded Recommended)
2010;FOMOCO;Ford Division;FUSION S FWD;Manual(M6);27,5;Gasoline (Regular Unleaded Recommended)
2010;FOMOCO;Ford Division;FUSION S FWD;Auto(A6);29,2652;Gasoline (Regular Unleaded Recommended)
2010;Honda;Honda;FCX;Auto(A1);86,1;Hydrogen
2010;Hyundai;HYUNDAI MOTOR COMPANY;ELANTRA;Auto(A4);33,6;Gasoline (Regular Unleaded Recommended)
2010;Hyundai;HYUNDAI MOTOR COMPANY;ELANTRA;Manual(M5);32,3;Gasoline (Regular Unleaded Recommended)
2010;Hyundai;HYUNDAI MOTOR COMPANY;ELANTRA BLUE;Manual(M5);33,6478;Gasoline (Regular Unleaded Recommended)
2010;Nissan;INFINITI;G37;Manual(M6);20,6879;Gasoline (Premium Unleaded Required)
2010;Nissan;INFINITI;G37;Auto(S7);23,6465;Gasoline (Premium Unleaded Required)
2010;Nissan;INFINITI;G37X;Auto(S7);22,1981;Gasoline (Premium Unleaded Required)
2010;Jaguar Cars;Jaguar Cars Ltd;Jaguar XF;Auto(S6);19,6769;Gasoline (Premium Unleaded Recommended)
2010;Jaguar Cars;Jaguar Cars Ltd;Jaguar XF;Auto(S6);18,5111;Gasoline (Premium Unleaded Recommended)
2010;Jaguar Cars;Jaguar Cars Ltd;Jaguar XF;Auto(S6);19,9048;Gasoline (Premium Unleaded Recommended)
2010;Kia;KIA MOTORS CORPORATION;OPTIMA;Auto(A5);27,8;Gasoline (Regular Unleaded Recommended)
2010;Kia;KIA MOTORS CORPORATION;OPTIMA;Manual(M5);27,8;Gasoline (Regular Unleaded Recommended)
2010;Kia;KIA MOTORS CORPORATION;OPTIMA;Auto(A5);24,9;Gasoline (Regular Unleaded Recommended)
2010;Toyota;LEXUS;ES 350;Auto(S6);23,8;Gasoline (Premium Unleaded Required)
2010;Toyota;LEXUS;GS 350;Auto(S6);23,7156;Gasoline (Premium Unleaded Required)
2010;Toyota;LEXUS;GS 350 AWD;Auto(S6);22,3982;Gasoline (Premium Unleaded Required)
2010;Toyota;LEXUS;GS 460;Auto(S8);21,0489;Gasoline (Premium Unleaded Required)
2010;Toyota;LEXUS;LS 460;Auto(S8);20,149;Gasoline (Premium Unleaded Required)
2010;Toyota;LEXUS;LS 460 AWD;Auto(S8);19,5;Gasoline (Premium Unleaded Required)
2010;Toyota;LEXUS;LS 460 L;Auto(S8);20,149;Gasoline (Premium Unleaded Required)
2010;Toyota;LEXUS;LS 460 L AWD;Auto(S8);19,5;Gasoline (Premium Unleaded Required)
2010;Toyota;LEXUS;LS 600h L;Auto(AV-S8);24,7;Gasoline (Premium Unleaded Required)
2010;FOMOCO;Lincoln-Mercury Car;MILAN AWD FFV;Auto(S6);22,2;Gasoline (Regular Unleaded Recommended)
2010;FOMOCO;Lincoln-Mercury Car;MILAN FWD;Auto(A6);27,6878;Gasoline (Regular Unleaded Recommended)
2010;FOMOCO;Lincoln-Mercury Car;MILAN FWD;Manual(M6);27,8;Gasoline (Regular Unleaded Recommended)
2010;FOMOCO;Lincoln-Mercury Car;MILAN FWD;Auto(A6);23,5;Gasoline (Regular Unleaded Recommended)
2010;FOMOCO;Lincoln-Mercury Car;MILAN HYBRID FWD;Auto(AV);56,5;Gasoline (Regular Unleaded Recommended)
2010;FOMOCO;Lincoln-Mercury Car;MILAN S FWD;Auto(A6);29,2652;Gasoline (Regular Unleaded Recommended)
2010;FOMOCO;Lincoln-Mercury Car;MILAN S FWD;Manual(M6);27,5;Gasoline (Regular Unleaded Recommended)
2010;FOMOCO;Lincoln-Mercury Car;MKZ AWD;Auto(S6);20,6981;Gasoline (Regular Unleaded Recommended)
2010;FOMOCO;Lincoln-Mercury Car;MKZ FWD;Auto(S6);22,4;Gasoline (Regular Unleaded Recommended)
2010;MAZDA;MAZDA;MAZDA6;Manual(M6);25,3511;Gasoline (Regular Unleaded Recommended)
2010;MAZDA;MAZDA;MAZDA6;Auto(S5);27,0883;Gasoline (Regular Unleaded Recommended)
2010;MAZDA;MAZDA;MAZDA6;Auto(S6);21,7386;Gasoline (Regular Unleaded Recommended)
2010;MAZDA;MAZDA;Mazdaspeed3;Manual(M6);22,8;Gasoline (Premium Unleaded Required)
2010;Mercedes-Benz;Mercedes-Benz;E 350;Auto(A7);22;Gasoline (Premium Unleaded Required)
2010;Mercedes-Benz;Mercedes-Benz;E 350 4MATIC;Auto(A7);20,6;Gasoline (Premium Unleaded Required)
2010;Mercedes-Benz;Mercedes-Benz;E 550;Auto(A7);19,3;Gasoline (Premium Unleaded Required)
2010;Mercedes-Benz;Mercedes-Benz;E 550 4MATIC;Auto(A7);18,9;Gasoline (Premium Unleaded Required)
2010;Mercedes-Benz;Mercedes-Benz;E 63 AMG;Auto(A7);15,6742;Gasoline (Premium Unleaded Required)
2010;Mitsubishi Motors NA;Mitsubishi Motors North America;GALANT;Auto(S4);26,7574;Gasoline (Regular Unleaded Recommended)
2010;Nissan;NISSAN;ALTIMA;Auto(AV);29,7154;Gasoline (Regular Unleaded Recommended)
2010;Nissan;NISSAN;ALTIMA;Manual(M6);22,8817;Gasoline (Regular Unleaded Recommended)
2010;Nissan;NISSAN;ALTIMA;Auto(AV-S6);25,4673;Gasoline (Regular Unleaded Recommended)
2010;Nissan;NISSAN;ALTIMA HYBRID;Auto(AV);46,8;Gasoline (Regular Unleaded Recommended)
2010;Nissan;NISSAN;MAXIMA;Auto(AV-S6);24,311;Gasoline (Premium Unleaded Recommended)
2010;Nissan;NISSAN;SENTRA;Manual(M6);30,9;Gasoline (Regular Unleaded Recommended)
2010;Nissan;NISSAN;SENTRA;Auto(AV);34,1593;Gasoline (Regular Unleaded Recommended)
2010;Nissan;NISSAN;SENTRA;Manual(M6);26,7;Gasoline (Premium Unleaded Required)
2010;Nissan;NISSAN;SENTRA;Auto(AV-S6);30,1;Gasoline (Regular Unleaded Recommended)
2010;Nissan;NISSAN;VERSA;Auto(A4);32,9;Gasoline (Regular Unleaded Recommended)
2010;Nissan;NISSAN;VERSA;Manual(M5);33,1;Gasoline (Regular Unleaded Recommended)
2010;Nissan;NISSAN;VERSA;Auto(AV);35,8;Gasoline (Regular Unleaded Recommended)
2010;Nissan;NISSAN;VERSA;Auto(A4);30,8;Gasoline (Regular Unleaded Recommended)
2010;Nissan;NISSAN;VERSA;Manual(M6);33,1;Gasoline (Regular Unleaded Recommended)
2010;Rolls-Royce;Rolls-Royce Motor Cars Limited;Phantom;Auto(S6);13,9939;Gasoline (Premium Unleaded Recommended)
2010;GM;Saab;9-5 SEDAN AWD;Auto(S6);20,5199;Gasoline (Premium Unleaded Required)
2010;GM;Saturn;AURA;Auto(S6);27,7999;Gasoline (Regular Unleaded Recommended)
2010;GM;Saturn;AURA;Auto(S6);27,7999;Gasoline (Regular Unleaded Recommended)
2010;GM;Saturn;AURA;Auto(S6);21,4;Gasoline (Regular Unleaded Recommended)
2010;Subaru;Subaru;LEGACY AWD;Manual(M6);24,4471;Gasoline (Regular Unleaded Recommended)
2010;Subaru;Subaru;LEGACY AWD;Manual(M6);22,8;Gasoline (Premium Unleaded Recommended)
2010;Subaru;Subaru;LEGACY AWD;Auto(AV);28,7073;Gasoline (Regular Unleaded Recommended)
2010;Subaru;Subaru;LEGACY AWD;Auto(S5);21,9938;Gasoline (Regular Unleaded Recommended)
2010;Toyota;TOYOTA;CAMRY;Manual(M6);28;Gasoline (Regular Unleaded Recommended)
2010;Toyota;TOYOTA;CAMRY;Auto(S6);28,0186;Gasoline (Regular Unleaded Recommended)
2010;Toyota;TOYOTA;CAMRY;Auto(S6);24,5;Gasoline (Regular Unleaded Recommended)
2010;Toyota;TOYOTA;CAMRY HYBRID;Auto(AV);44,2454;Gasoline (Regular Unleaded Recommended)
2010;Toyota;TOYOTA;PRIUS;Auto(AV);71,9537;Gasoline (Regular Unleaded Recommended)
2010;Volkswagen;Volkswagen;PASSAT;Auto(S6);27,1189;Gasoline (Premium Unleaded Recommended)
2010;Volvo;Volvo Cars of North America, LLC;S80 AWD;Auto(S6);19,7;Gasoline (Regular Unleaded Recommended)
2010;Volvo;Volvo Cars of North America, LLC;S80 AWD;Auto(S6);18,7;Gasoline (Regular Unleaded Recommended)
2010;Volvo;Volvo Cars of North America, LLC;S80 FWD;Auto(S6);21,4;Gasoline (Regular Unleaded Recommended)
2010;Audi;Audi;A8 L;Auto(S6);19,8911;Gasoline (Premium Unleaded Recommended)
2010;BMW;BMW;535i Gran Turismo;Auto(S8);24,2984;Gasoline (Premium Unleaded Recommended)
2010;BMW;BMW;550 GT;Auto(S8);18,5995;Gasoline (Premium Unleaded Recommended)
2010;BMW;BMW;550i xDrive GT;Auto(S8);18,5831;Gasoline (Premium Unleaded Recommended)
2010;BMW;BMW;750i;Auto(S6);18,2;Gasoline (Premium Unleaded Recommended)
2010;BMW;BMW;750i xDrive;Auto(S6);17;Gasoline (Premium Unleaded Recommended)
2010;BMW;BMW;750Li;Auto(S6);17,3772;Gasoline (Premium Unleaded Recommended)
2010;BMW;BMW;750Li xDrive;Auto(S6);17;Gasoline (Premium Unleaded Recommended)
2010;BMW;BMW;760Li;Auto(S8);15,6203;Gasoline (Premium Unleaded Recommended)
2010;GM;Buick;LUCERNE;Auto(A4);21,7;Gasoline (Regular Unleaded Recommended)
2010;GM;Buick;LUCERNE;Auto(A4);21,2;Gasoline (Regular Unleaded Recommended)
2010;GM;Buick;LUCERNE;Auto(A4);19;Gasoline (Regular Unleaded Recommended)
2010;GM;Cadillac;DTS;Auto(A4);19;Gasoline (Regular Unleaded Recommended)
2010;GM;Cadillac;DTS;Auto(A4);19;Gasoline (Regular Unleaded Recommended)
2010;GM;Cadillac;FUNERAL COACH/HEARSE;Auto(A4);14,9;Gasoline (Regular Unleaded Recommended)
2010;GM;Cadillac;LIMOUSINE;Auto(A4);14,8;Gasoline (Regular Unleaded Recommended)
2010;GM;Chevrolet;IMPALA;Auto(A4);22,9;Gasoline (Regular Unleaded Recommended)
2010;GM;Chevrolet;IMPALA;Auto(A4);24,1;Gasoline (Regular Unleaded Recommended)
2010;GM;Chevrolet;IMPALA;Auto(A4);21,7;Gasoline (Regular Unleaded Recommended)
2010;Chrysler Group LLC;Chrysler;300 AWD;Auto(A5);20,7;Gasoline (Regular Unleaded Recommended)
2010;Chrysler Group LLC;Chrysler;300 AWD;Auto(A5);19,5;Gasoline (Regular Unleaded Recommended)
2010;Chrysler Group LLC;Chrysler;300/SRT-8;Auto(A4);23,1;Gasoline (Regular Unleaded Recommended)
2010;Chrysler Group LLC;Chrysler;300/SRT-8;Auto(A4);21,5;Gasoline (Regular Unleaded Recommended)
2010;Chrysler Group LLC;Chrysler;300/SRT-8;Auto(A5);19,3;Gasoline (Regular Unleaded Recommended)
2010;Chrysler Group LLC;Chrysler;300/SRT-8;Auto(A5);16,3;Gasoline (Premium Unleaded Recommended)
2010;Chrysler Group LLC;Dodge;Charger;Auto(A4);23,1;Gasoline (Regular Unleaded Recommended)
2010;Chrysler Group LLC;Dodge;Charger;Auto(A4);21,5;Gasoline (Regular Unleaded Recommended)
2010;Chrysler Group LLC;Dodge;Charger;Auto(A5);19,3;Gasoline (Regular Unleaded Recommended)
2010;Chrysler Group LLC;Dodge;Charger;Auto(A5);16,3;Gasoline (Premium Unleaded Recommended)
2010;Chrysler Group LLC;Dodge;Charger AWD;Auto(A5);20,7;Gasoline (Regular Unleaded Recommended)
2010;Chrysler Group LLC;Dodge;Charger AWD;Auto(A5);19,5;Gasoline (Regular Unleaded Recommended)
2010;FOMOCO;Ford Division;CROWN VICTORIA FFV;Auto(A4);19,7571;Gasoline (Regular Unleaded Recommended)
2010;FOMOCO;Ford Division;TAURUS AWD;Auto(S6);21,2;Gasoline (Regular Unleaded Recommended)
2010;FOMOCO;Ford Division;TAURUS AWD;Auto(A6);21,2;Gasoline (Regular Unleaded Recommended)
2010;FOMOCO;Ford Division;TAURUS FWD;Auto(S6);22,4;Gasoline (Regular Unleaded Recommended)
2010;FOMOCO;Ford Division;TAURUS FWD;Auto(A6);18,2;Gasoline (Regular Unleaded Recommended)
2010;Honda;Honda;ACCORD 4DR SEDAN;Manual(M5);27,8016;Gasoline (Regular Unleaded Recommended)
2010;Honda;Honda;ACCORD 4DR SEDAN;Auto(A5);27,126;Gasoline (Regular Unleaded Recommended)
2010;Honda;Honda;ACCORD 4DR SEDAN;Auto(A5);23,8;Gasoline (Regular Unleaded Recommended)
2010;Hyundai;HYUNDAI MOTOR COMPANY;AZERA;Auto(A5);22,9;Gasoline (Regular Unleaded Recommended)
2010;Hyundai;HYUNDAI MOTOR COMPANY;AZERA;Auto(A5);21,4;Gasoline (Regular Unleaded Recommended)
2010;Hyundai;HYUNDAI MOTOR COMPANY;GENESIS;Auto(A6);22,9;Gasoline (Regular Unleaded Recommended)
2010;Hyundai;HYUNDAI MOTOR COMPANY;GENESIS;Auto(A6);20,7;Gasoline (Premium Unleaded Recommended)
2010;Hyundai;HYUNDAI MOTOR COMPANY;SONATA;Auto(A5);27,5;Gasoline (Regular Unleaded Recommended)
2010;Hyundai;HYUNDAI MOTOR COMPANY;SONATA;Manual(M5);26,8492;Gasoline (Regular Unleaded Recommended)
2010;Hyundai;HYUNDAI MOTOR COMPANY;SONATA;Auto(A5);24,1;Gasoline (Regular Unleaded Recommended)
2010;Nissan;INFINITI;M35;Auto(S7);20,8;Gasoline (Premium Unleaded Recommended)
2010;Nissan;INFINITI;M35X;Auto(S5);19,6499;Gasoline (Premium Unleaded Recommended)
2010;Nissan;INFINITI;M45;Auto(S5);19,5;Gasoline (Premium Unleaded Required)
2010;Nissan;INFINITI;M45X;Auto(S5);17,3;Gasoline (Premium Unleaded Required)
2010;Jaguar Cars;Jaguar Cars Ltd;Jaguar XJ;Auto(S6);18,5111;Gasoline (Premium Unleaded Recommended)
2010;Jaguar Cars;Jaguar Cars Ltd;Jaguar XJ;Auto(S6);19,9048;Gasoline (Premium Unleaded Recommended)
2010;Jaguar Cars;Jaguar Cars Ltd;Jaguar XJ;Auto(S6);18,9575;Gasoline (Premium Unleaded Recommended)
2010;FOMOCO;Lincoln-Mercury Car;GRAND MARQUIS FFV;Auto(A4);19,7571;Gasoline (Regular Unleaded Recommended)
2010;FOMOCO;Lincoln-Mercury Car;MKS AWD;Auto(A6);20,4;Gasoline (Regular Unleaded Recommended)
2010;FOMOCO;Lincoln-Mercury Car;MKS AWD;Auto(A6);21,2;Gasoline (Regular Unleaded Recommended)
2010;FOMOCO;Lincoln-Mercury Car;MKS FWD;Auto(A6);20,9;Gasoline (Regular Unleaded Recommended)
2010;FOMOCO;Lincoln-Mercury Car;TOWN CAR FFV;Auto(A4);19,7571;Gasoline (Regular Unleaded Recommended)
2010;Maserati;MASERATI;QUATTROPORTE;Auto(A6);14,4092;Gasoline (Premium Unleaded Required)
2010;Maserati;MASERATI;QUATTROPORTE;Auto(A6);14,2551;Gasoline (Premium Unleaded Required)
2010;Mercedes-Benz;Mercedes-Benz;MAYBACH 57;Auto(A5);12,4;Gasoline (Premium Unleaded Required)
2010;Mercedes-Benz;Mercedes-Benz;MAYBACH 57 S;Auto(A5);12,3;Gasoline (Premium Unleaded Required)
2010;Mercedes-Benz;Mercedes-Benz;MAYBACH 57 Zeppelin;Auto(A5);12,6;Gasoline (Premium Unleaded Required)
2010;Mercedes-Benz;Mercedes-Benz;S 550;Auto(A7);18,8;Gasoline (Premium Unleaded Required)
2010;Mercedes-Benz;Mercedes-Benz;S 550 4MATIC;Auto(A7);17,5;Gasoline (Premium Unleaded Required)
2010;Mercedes-Benz;Mercedes-Benz;S 600;Auto(A5);13,7;Gasoline (Premium Unleaded Required)
2010;Mercedes-Benz;Mercedes-Benz;S 63 AMG;Auto(A7);13,9;Gasoline (Premium Unleaded Required)
2010;Mercedes-Benz;Mercedes-Benz;S 65 AMG;Auto(A5);13,5;Gasoline (Premium Unleaded Required)
2010;Mercedes-Benz;Mercedes-Benz;S400 HYBRID;Auto(A7);23,4;Gasoline (Premium Unleaded Required)
2010;Porsche;Porsche;Panamera 4S;Auto(A7);20,2489;Gasoline (Premium Unleaded Recommended)
2010;Porsche;Porsche;Panamera S;Auto(A7);20,2489;Gasoline (Premium Unleaded Recommended)
2010;Porsche;Porsche;Panamera Turbo;Auto(A7);18,5447;Gasoline (Premium Unleaded Recommended)
2010;Rolls-Royce;Rolls-Royce Motor Cars Limited;Ghost;Auto(S8);15,7;Gasoline (Premium Unleaded Recommended)
2010;Rolls-Royce;Rolls-Royce Motor Cars Limited;Phantom EWB;Auto(S6);13,9939;Gasoline (Premium Unleaded Recommended)
2010;Toyota;TOYOTA;AVALON;Auto(S6);24,5;Gasoline (Regular Unleaded Recommended)
2010;Volkswagen;Audi;A3;Auto(S6);Mod;Diesel, ultra low sulfur (15 ppm, maximum)
2010;Audi;Audi;A3;Manual(M6);25,2906;Gasoline (Premium Unleaded Recommended)
2010;Audi;Audi;A3;Auto(S6);27,0473;Gasoline (Premium Unleaded Recommended)
2010;Audi;Audi;A3 QUATTRO;Auto(S6);27,2;Gasoline (Premium Unleaded Recommended)
2010;Audi;Audi;A4 AVANT QUATTRO;Auto(S6);25,9563;Gasoline (Premium Unleaded Recommended)
2010;BMW;BMW;328i sport wagon;Auto(S6);22,5958;Gasoline (Premium Unleaded Recommended)
2010;BMW;BMW;328i sport wagon;Manual(M6);20,9607;Gasoline (Premium Unleaded Recommended)
2010;BMW;BMW;328i sport wagon xDrive;Auto(S6);21,8875;Gasoline (Premium Unleaded Recommended)
2010;BMW;BMW;328i sport wagon xDrive;Manual(M6);20,7054;Gasoline (Premium Unleaded Recommended)
2010;GM;Cadillac;CTS WAGON;Auto(S6);23,0999;Gasoline (Regular Unleaded Recommended)
2010;GM;Cadillac;CTS WAGON;Auto(S6);22,2;Gasoline (Regular Unleaded Recommended)
2010;GM;Cadillac;CTS WAGON AWD;Auto(S6);22;Gasoline (Regular Unleaded Recommended)
2010;GM;Cadillac;CTS WAGON AWD;Auto(S6);22,2999;Gasoline (Regular Unleaded Recommended)
2010;Chrysler Group LLC;Dodge;Caliber;Manual(M5);28,7;Gasoline (Regular Unleaded Recommended)
2010;Chrysler Group LLC;Dodge;Caliber;Auto(AV);28,8945;Gasoline (Regular Unleaded Recommended)
2010;Chrysler Group LLC;Dodge;Caliber;Auto(AV);27,1;Gasoline (Regular Unleaded Recommended)
2010;Chrysler Group LLC;Dodge;Caliber;Manual(M5);29,6;Gasoline (Regular Unleaded Recommended)
2010;Honda;Honda;FIT;Manual(M5);35,5644;Gasoline (Regular Unleaded Recommended)
2010;Honda;Honda;FIT;Auto(A5);36,5;Gasoline (Regular Unleaded Recommended)
2010;Honda;Honda;FIT;Auto(S5);35,2;Gasoline (Regular Unleaded Recommended)
2010;Hyundai;HYUNDAI MOTOR COMPANY;ELANTRA TOURING;Auto(A4);29,9;Gasoline (Regular Unleaded Recommended)
2010;Hyundai;HYUNDAI MOTOR COMPANY;ELANTRA TOURING;Manual(M5);29,5;Gasoline (Regular Unleaded Recommended)
2010;Nissan;INFINITI;EX35;Auto(S5);20,6;Gasoline (Premium Unleaded Recommended)
2010;Nissan;INFINITI;EX35 AWD;Auto(S5);20,2084;Gasoline (Premium Unleaded Recommended)
2010;Kia;KIA MOTORS CORPORATION;SOUL;Auto(A4);32,9;Gasoline (Regular Unleaded Recommended)
2010;Kia;KIA MOTORS CORPORATION;SOUL;Manual(M5);33,8;Gasoline (Regular Unleaded Recommended)
2010;Kia;KIA MOTORS CORPORATION;SOUL;Auto(A4);30,9;Gasoline (Regular Unleaded Recommended)
2010;Kia;KIA MOTORS CORPORATION;SOUL;Manual(M5);30,5;Gasoline (Regular Unleaded Recommended)
2010;Mitsubishi Motors Co;Mitsubishi Motors Corporation;LANCER SPORTBACK;Auto(AM6);21,4;Gasoline (Premium Unleaded Required)
2010;Mitsubishi Motors Co;Mitsubishi Motors Corporation;LANCER SPORTBACK;Manual(M5);25,2418;Gasoline (Regular Unleaded Recommended)
2010;Mitsubishi Motors Co;Mitsubishi Motors Corporation;LANCER SPORTBACK;Auto(AV-S6);26,3654;Gasoline (Regular Unleaded Recommended)
2010;Nissan;NISSAN;CUBE;Manual(M6);32,6;Gasoline (Regular Unleaded Recommended)
2010;Nissan;NISSAN;CUBE;Auto(AV);34,8246;Gasoline (Regular Unleaded Recommended)
2010;NUMMI;PONTIAC;VIBE;Auto(A4);33;Gasoline (Regular Unleaded Recommended)
2010;NUMMI;PONTIAC;VIBE;Manual(M5);33,6;Gasoline (Regular Unleaded Recommended)
2010;NUMMI;PONTIAC;VIBE;Auto(S5);27;Gasoline (Regular Unleaded Recommended)
2010;NUMMI;PONTIAC;VIBE;Manual(M5);27,1;Gasoline (Regular Unleaded Recommended)
2010;NUMMI;PONTIAC;VIBE;Auto(A4);25,3297;Gasoline (Regular Unleaded Recommended)
2010;GM;Saab;9-3 SPORTCOMBI;Auto(S5);23,5;Gasoline (Regular Unleaded Recommended)
2010;GM;Saab;9-3 SPORTCOMBI;Manual(M6);26,5;Gasoline (Regular Unleaded Recommended)
2010;GM;Saab;9-3X SPORTCOMBI AWD;Manual(M6);24,9322;Gasoline (Regular Unleaded Recommended)
2010;GM;Saab;9-3X SPORTCOMBI AWD;Auto(S6);21,8327;Gasoline (Regular Unleaded Recommended)
2010;GM;Saab;9-3X SPORTCOMBI AWD;Auto(S5);23,9;Gasoline (Regular Unleaded Recommended)
2010;Subaru;Subaru;Impreza Wagon/Outback Sport;Manual(M5);24,8571;Gasoline (Regular Unleaded Recommended)
2010;Subaru;Subaru;Impreza Wagon/Outback Sport;Auto(S4);25,0678;Gasoline (Regular Unleaded Recommended)
2010;Subaru;Subaru;Impreza Wagon/Outback Sport;Manual(M5);23,0124;Gasoline (Premium Unleaded Recommended)
2010;Subaru;Subaru;Impreza Wagon/Outback Sport;Auto(S4);23,8512;Gasoline (Premium Unleaded Recommended)
2010;Subaru;Subaru;Impreza Wagon/Outback Sport;Manual(M6);21,4;Gasoline (Premium Unleaded Recommended)
2010;Suzuki;Suzuki;SX4;Manual(M6);28,0966;Gasoline (Regular Unleaded Recommended)
2010;Suzuki;Suzuki;SX4;Auto(AV);29,6378;Gasoline (Regular Unleaded Recommended)
2010;Suzuki;Suzuki;SX4 AWD;Manual(M6);28,1022;Gasoline (Regular Unleaded Recommended)
2010;Suzuki;Suzuki;SX4 AWD;Auto(AV);29,4142;Gasoline (Regular Unleaded Recommended)
2010;Toyota;TOYOTA;COROLLA MATRIX;Auto(A4);32,7182;Gasoline (Regular Unleaded Recommended)
2010;Toyota;TOYOTA;COROLLA MATRIX;Manual(M5);33,5698;Gasoline (Regular Unleaded Recommended)
2010;Toyota;TOYOTA;COROLLA MATRIX;Auto(A4);25,49;Gasoline (Regular Unleaded Recommended)
2010;Toyota;TOYOTA;COROLLA MATRIX;Manual(M5);27,2141;Gasoline (Regular Unleaded Recommended)
2010;Toyota;TOYOTA;COROLLA MATRIX;Auto(S5);27,1117;Gasoline (Regular Unleaded Recommended)
2010;Toyota;TOYOTA;SCION xB;Manual(M5);27,6242;Gasoline (Regular Unleaded Recommended)
2010;Toyota;TOYOTA;SCION xB;Auto(S4);27,4;Gasoline (Regular Unleaded Recommended)
2010;Volkswagen;Volkswagen;JETTA SPORTWAGEN;Auto(S6);Mod;Diesel, ultra low sulfur (15 ppm, maximum)
2010;Volkswagen;Volkswagen;JETTA SPORTWAGEN;Manual(M6);Mod;Diesel, ultra low sulfur (15 ppm, maximum)
2010;Volkswagen;Volkswagen;JETTA SPORTWAGEN;Manual(M5);24,8525;Gasoline (Regular Unleaded Recommended)
2010;Volkswagen;Volkswagen;JETTA SPORTWAGEN;Auto(S6);27,0008;Gasoline (Regular Unleaded Recommended)
2010;Volvo;Volvo Cars of North America, LLC;V50 AWD;Auto(S5);23,4;Gasoline (Regular Unleaded Recommended)
2010;Volvo;Volvo Cars of North America, LLC;V50 AWD;Manual(M6);24,1;Gasoline (Regular Unleaded Recommended)
2010;Volvo;Volvo Cars of North America, LLC;V50 FWD;Auto(S5);24,8;Gasoline (Regular Unleaded Recommended)
2010;Volvo;Volvo Cars of North America, LLC;V50 FWD;Manual(M6);25,5;Gasoline (Regular Unleaded Recommended)
2010;Volvo;Volvo Cars of North America, LLC;V50 FWD;Auto(S5);25,5;Gasoline (Regular Unleaded Recommended)
2010;Audi;Audi;A6 AVANT QUATTRO;Auto(S6);21,7553;Gasoline (Premium Unleaded Recommended)
2010;BMW;BMW;535i Sport Wagon xDrive;Manual(M6);19,3493;Gasoline (Premium Unleaded Recommended)
2010;BMW;BMW;535i Sport Wagon xDrive;Auto(S6);20,3684;Gasoline (Premium Unleaded Recommended)
2010;Kia;KIA MOTORS CORPORATION;RONDO;Auto(A4);24,7573;Gasoline (Regular Unleaded Recommended)
2010;Kia;KIA MOTORS CORPORATION;RONDO;Auto(A5);22,8;Gasoline (Regular Unleaded Recommended)
2010;Volkswagen;Volkswagen;PASSAT WAGON;Auto(S6);27,1189;Gasoline (Premium Unleaded Recommended)
2010;Volvo;Volvo Cars of North America, LLC;V70 FWD;Auto(S6);21,4;Gasoline (Regular Unleaded Recommended)
2010;GM;Chevrolet;COLORADO 2WD;Auto(A4);23,1491;Gasoline (Regular Unleaded Recommended)
2010;GM;Chevrolet;COLORADO 2WD;Manual(M5);23,1167;Gasoline (Regular Unleaded Recommended)
2010;GM;Chevrolet;COLORADO 2WD;Auto(A4);21,0642;Gasoline (Regular Unleaded Recommended)
2010;GM;Chevrolet;COLORADO 2WD;Auto(A4);18,0999;Gasoline (Regular Unleaded Recommended)
2010;GM;Chevrolet;COLORADO CAB CHASSIS INC 2WD;Auto(A4);18,7999;Gasoline (Regular Unleaded Recommended)
2010;GM;Chevrolet;COLORADO CREW CAB 2WD;Auto(A4);23,0999;Gasoline (Regular Unleaded Recommended)
2010;GM;Chevrolet;COLORADO CREW CAB 2WD;Manual(M5);23;Gasoline (Regular Unleaded Recommended)
2010;GM;Chevrolet;COLORADO CREW CAB 2WD;Auto(A4);20,7999;Gasoline (Regular Unleaded Recommended)
2010;GM;Chevrolet;COLORADO CREW CAB 2WD;Auto(A4);18,0999;Gasoline (Regular Unleaded Recommended)
2010;FOMOCO;Ford Division;RANGER 2WD;Auto(A5);23,6923;Gasoline (Regular Unleaded Recommended)
2010;FOMOCO;Ford Division;RANGER 2WD;Manual(M5);27,4;Gasoline (Regular Unleaded Recommended)
2010;FOMOCO;Ford Division;RANGER 2WD;Manual(M5);18,7;Gasoline (Regular Unleaded Recommended)
2010;FOMOCO;Ford Division;RANGER 2WD;Auto(A5);19,5;Gasoline (Regular Unleaded Recommended)
2010;GM;GMC;CANYON 2WD;Auto(A4);23,1397;Gasoline (Regular Unleaded Recommended)
2010;GM;GMC;CANYON 2WD;Manual(M5);23,1607;Gasoline (Regular Unleaded Recommended)
2010;GM;GMC;CANYON 2WD;Auto(A4);21,094;Gasoline (Regular Unleaded Recommended)
2010;GM;GMC;CANYON 2WD;Auto(A4);18,0999;Gasoline (Regular Unleaded Recommended)
2010;GM;GMC;CANYON CAB CHASSIS INC 2WD;Auto(A4);18,7999;Gasoline (Regular Unleaded Recommended)
2010;GM;GMC;CANYON CREW CAB 2WD;Auto(A4);23,0999;Gasoline (Regular Unleaded Recommended)
2010;GM;GMC;CANYON CREW CAB 2WD;Manual(M5);23;Gasoline (Regular Unleaded Recommended)
2010;GM;GMC;CANYON CREW CAB 2WD;Auto(A4);20,7999;Gasoline (Regular Unleaded Recommended)
2010;GM;GMC;CANYON CREW CAB 2WD;Auto(A4);18,0999;Gasoline (Regular Unleaded Recommended)
2010;Nissan;NISSAN;FRONTIER 2WD;Auto(A5);20,8;Gasoline (Regular Unleaded Recommended)
2010;Nissan;NISSAN;FRONTIER 2WD;Manual(M5);24,4422;Gasoline (Regular Unleaded Recommended)
2010;Nissan;NISSAN;FRONTIER 2WD;Auto(A5);18,2414;Gasoline (Regular Unleaded Recommended)
2010;Nissan;NISSAN;FRONTIER 2WD;Manual(M6);19,3789;Gasoline (Regular Unleaded Recommended)
2010;Nissan;SUZUKI;EQUATOR 2WD;Auto(A5);20,8;Gasoline (Regular Unleaded Recommended)
2010;Nissan;SUZUKI;EQUATOR 2WD;Manual(M5);24,5;Gasoline (Regular Unleaded Recommended)
2010;Nissan;SUZUKI;EQUATOR 2WD;Auto(A5);18,5262;Gasoline (Regular Unleaded Recommended)
2010;Toyota;TOYOTA;TACOMA 2WD;Auto(A4);23,9868;Gasoline (Regular Unleaded Recommended)
2010;Toyota;TOYOTA;TACOMA 2WD;Manual(M5);25,507;Gasoline (Regular Unleaded Recommended)
2010;Toyota;TOYOTA;TACOMA 2WD;Auto(A5);20,7;Gasoline (Regular Unleaded Recommended)
2010;Toyota;TOYOTA;TACOMA 2WD;Manual(M6);18,1;Gasoline (Regular Unleaded Recommended)
2010;GM;Chevrolet;COLORADO 4WD;Auto(A4);21,7;Gasoline (Regular Unleaded Recommended)
2010;GM;Chevrolet;COLORADO 4WD;Manual(M5);22,2999;Gasoline (Regular Unleaded Recommended)
2010;GM;Chevrolet;COLORADO 4WD;Auto(A4);20,8697;Gasoline (Regular Unleaded Recommended)
2010;GM;Chevrolet;COLORADO 4WD;Auto(A4);17,0999;Gasoline (Regular Unleaded Recommended)
2010;GM;Chevrolet;COLORADO CAB CHASSIS INC 4WD;Auto(A4);19,5999;Gasoline (Regular Unleaded Recommended)
2010;GM;Chevrolet;COLORADO CREW CAB 4WD;Auto(A4);19,5999;Gasoline (Regular Unleaded Recommended)
2010;GM;Chevrolet;COLORADO CREW CAB 4WD;Auto(A4);17,0999;Gasoline (Regular Unleaded Recommended)
2010;FOMOCO;Ford Division;RANGER 4WD;Manual(M5);18,7;Gasoline (Regular Unleaded Recommended)
2010;FOMOCO;Ford Division;RANGER 4WD;Auto(A5);17,2884;Gasoline (Regular Unleaded Recommended)
2010;GM;GMC;CANYON 4WD;Auto(A4);21,7;Gasoline (Regular Unleaded Recommended)
2010;GM;GMC;CANYON 4WD;Manual(M5);22,2999;Gasoline (Regular Unleaded Recommended)
2010;GM;GMC;CANYON 4WD;Auto(A4);20,8495;Gasoline (Regular Unleaded Recommended)
2010;GM;GMC;CANYON 4WD;Auto(A4);17,0999;Gasoline (Regular Unleaded Recommended)
2010;GM;GMC;CANYON CAB CHASSIS INC 4WD;Auto(A4);19,5999;Gasoline (Regular Unleaded Recommended)
2010;GM;GMC;CANYON CREW CAB 4WD;Auto(A4);19,5999;Gasoline (Regular Unleaded Recommended)
2010;GM;GMC;CANYON CREW CAB 4WD;Auto(A4);17,0999;Gasoline (Regular Unleaded Recommended)
2010;Nissan;NISSAN;FRONTIER 4WD;Manual(M6);19,0673;Gasoline (Regular Unleaded Recommended)
2010;Nissan;NISSAN;FRONTIER 4WD;Auto(A5);17,8691;Gasoline (Regular Unleaded Recommended)
2010;Nissan;SUZUKI;EQUATOR 4WD;Auto(A5);17,9951;Gasoline (Regular Unleaded Recommended)
2010;Toyota;TOYOTA;TACOMA 4WD;Manual(M5);21,7;Gasoline (Regular Unleaded Recommended)
2010;Toyota;TOYOTA;TACOMA 4WD;Auto(A5);19,6;Gasoline (Regular Unleaded Recommended)
2010;Toyota;TOYOTA;TACOMA 4WD;Manual(M6);17,4;Gasoline (Regular Unleaded Recommended)
2010;GM;Chevrolet;C15 SILVERADO 2WD;Auto(A4);18,6705;Gasoline (Regular Unleaded Recommended)
2010;GM;Chevrolet;C15 SILVERADO 2WD;Auto(A4);17,0719;Gasoline (Regular Unleaded Recommended)
2010;GM;Chevrolet;C15 SILVERADO 2WD;Auto(A6);18,3561;Gasoline (Regular Unleaded Recommended)
2010;GM;Chevrolet;C15 SILVERADO 2WD;Auto(A6);15,4;Gasoline (Regular Unleaded Recommended)
2010;GM;Chevrolet;C15 SILVERADO 2WD HYBRID;Auto(AV);26,9;Gasoline (Regular Unleaded Recommended)
2010;GM;Chevrolet;C15 SILVERADO 2WD XFE;Auto(A6);19,0999;Gasoline (Regular Unleaded Recommended)
2010;Chrysler Group LLC;Dodge;Dakota Pickup 2wd;Auto(A4);18,1;Gasoline (Regular Unleaded Recommended)
2010;Chrysler Group LLC;Dodge;Dakota Pickup 2wd;Auto(A5);16,8;Gasoline (Regular Unleaded Recommended)
2010;Chrysler Group LLC;Dodge;Ram 1500 Pickup 2wd;Auto(A4);17,7;Gasoline (Regular Unleaded Recommended)
2010;Chrysler Group LLC;Dodge;Ram 1500 Pickup 2wd;Auto(A5);16,7;Gasoline (Regular Unleaded Recommended)
2010;Chrysler Group LLC;Dodge;Ram 1500 Pickup 2wd;Auto(A5);17;Gasoline (Regular Unleaded Recommended)
2010;FOMOCO;Ford Division;EXPLORER SPORT TRAC 2WD;Auto(A5);17,3;Gasoline (Regular Unleaded Recommended)
2010;FOMOCO;Ford Division;EXPLORER SPORT TRAC 2WD;Auto(A6);18,6;Gasoline (Regular Unleaded Recommended)
2010;FOMOCO;Ford Division;F150 FFV  2WD;Auto(A6);17,5031;Gasoline (Regular Unleaded Recommended)
2010;FOMOCO;Ford Division;F150 PICKUP 2WD;Auto(A4);18,138;Gasoline (Regular Unleaded Recommended)
2010;FOMOCO;Ford Division;F150 PICKUP 2WD;Auto(A6);18,2422;Gasoline (Regular Unleaded Recommended)
2010;GM;GMC;C15 SIERRA 2WD;Auto(A4);18,7095;Gasoline (Regular Unleaded Recommended)
2010;GM;GMC;C15 SIERRA 2WD;Auto(A4);17,0528;Gasoline (Regular Unleaded Recommended)
2010;GM;GMC;C15 SIERRA 2WD;Auto(A6);18,3682;Gasoline (Regular Unleaded Recommended)
2010;GM;GMC;C15 SIERRA 2WD;Auto(A6);15,4;Gasoline (Regular Unleaded Recommended)
2010;GM;GMC;C15 SIERRA 2WD HYBRID;Auto(AV);26,9;Gasoline (Regular Unleaded Recommended)
2010;GM;GMC;C15 SIERRA 2WD XFE;Auto(A6);19,0999;Gasoline (Regular Unleaded Recommended)
2010;Nissan;NISSAN;TITAN 2WD;Auto(A5);16,012;Gasoline (Regular Unleaded Recommended)
2010;Nissan;NISSAN;TITAN 2WD FFV;Auto(A5);15,7526;Gasoline (Regular Unleaded Recommended)
2010;Toyota;TOYOTA;TUNDRA 2WD;Auto(S5);18,6995;Gasoline (Regular Unleaded Recommended)
2010;Toyota;TOYOTA;TUNDRA 2WD;Auto(S6);18,5688;Gasoline (Regular Unleaded Recommended)
2010;Toyota;TOYOTA;TUNDRA 2WD;Auto(S6);17,229;Gasoline (Regular Unleaded Recommended)
2010;GM;Chevrolet;K15 SILVERADO 4WD;Auto(A4);17,3962;Gasoline (Regular Unleaded Recommended)
2010;GM;Chevrolet;K15 SILVERADO 4WD;Auto(A4);16,2371;Gasoline (Regular Unleaded Recommended)
2010;GM;Chevrolet;K15 SILVERADO 4WD;Auto(A6);18,1105;Gasoline (Regular Unleaded Recommended)
2010;GM;Chevrolet;K15 SILVERADO 4WD;Auto(A6);14,9114;Gasoline (Regular Unleaded Recommended)
2010;GM;Chevrolet;K15 SILVERADO 4WD HYBRID;Auto(AV);26,7999;Gasoline (Regular Unleaded Recommended)
2010;Chrysler Group LLC;Dodge;Dakota Pickup 4wd;Auto(A4);16,8;Gasoline (Regular Unleaded Recommended)
2010;Chrysler Group LLC;Dodge;Dakota Pickup 4wd;Auto(A5);16,7;Gasoline (Regular Unleaded Recommended)
2010;Chrysler Group LLC;Dodge;Ram 1500 Pickup 4wd;Auto(A5);15,8;Gasoline (Regular Unleaded Recommended)
2010;Chrysler Group LLC;Dodge;Ram 1500 Pickup 4wd;Auto(A5);16;Gasoline (Regular Unleaded Recommended)
2010;FOMOCO;Ford Division;EXPLORER SPORT TRAC 4WD;Auto(A5);16,4429;Gasoline (Regular Unleaded Recommended)
2010;FOMOCO;Ford Division;EXPLORER SPORT TRAC 4WD;Auto(A6);16,9118;Gasoline (Regular Unleaded Recommended)
2010;FOMOCO;Ford Division;F150 FFV  4WD;Auto(A6);16,7299;Gasoline (Regular Unleaded Recommended)
2010;FOMOCO;Ford Division;F150 PICKUP 4WD;Auto(A6);17,5134;Gasoline (Regular Unleaded Recommended)
2010;FOMOCO;Ford Division;F150 PICKUP 4WD;Auto(A4);17,367;Gasoline (Regular Unleaded Recommended)
2010;GM;GMC;K15 SIERRA 4WD;Auto(A4);17,3962;Gasoline (Regular Unleaded Recommended)
2010;GM;GMC;K15 SIERRA 4WD;Auto(A4);16,2421;Gasoline (Regular Unleaded Recommended)
2010;GM;GMC;K15 SIERRA 4WD;Auto(A6);18,1089;Gasoline (Regular Unleaded Recommended)
2010;GM;GMC;K15 SIERRA 4WD;Auto(A6);14,9245;Gasoline (Regular Unleaded Recommended)
2010;GM;GMC;K15 SIERRA 4WD HYBRID;Auto(AV);26,7999;Gasoline (Regular Unleaded Recommended)
2010;GM;GMC;K15 SIERRA AWD;Auto(A6);14,7;Gasoline (Regular Unleaded Recommended)
2010;Honda;Honda;RIDGELINE 4WD;Auto(A5);18,6;Gasoline (Regular Unleaded Recommended)
2010;GM;Hummer;H3T 4WD;Manual(M5);16,9;Gasoline (Regular Unleaded Recommended)
2010;GM;Hummer;H3T 4WD;Auto(A4);17,7999;Gasoline (Regular Unleaded Recommended)
2010;GM;Hummer;H3T 4WD;Auto(A4);15,8;Gasoline (Regular Unleaded Recommended)
2010;Nissan;NISSAN;TITAN 4WD;Auto(A5);14,896;Gasoline (Regular Unleaded Recommended)
2010;Nissan;NISSAN;TITAN 4WD FFV;Auto(A5);14,8894;Gasoline (Regular Unleaded Recommended)
2010;Toyota;TOYOTA;TUNDRA 4WD;Auto(S6);17,3004;Gasoline (Regular Unleaded Recommended)
2010;Toyota;TOYOTA;TUNDRA 4WD;Auto(S6);15,4562;Gasoline (Regular Unleaded Recommended)
2010;Toyota;TOYOTA;TUNDRA 4WD FFV;Auto(S6);16,3446;Gasoline (Regular Unleaded Recommended)
2010;GM;Chevrolet;G1500 EXPRESS 2WD CARGO;Auto(A4);18,5;Gasoline (Regular Unleaded Recommended)
2010;GM;Chevrolet;G1500 EXPRESS 2WD CARGO;Auto(A4);16,0999;Gasoline (Regular Unleaded Recommended)
2010;GM;Chevrolet;G1500 EXPRESS CONV 2WD CARGO;Auto(A4);15,6;Gasoline (Regular Unleaded Recommended)
2010;GM;Chevrolet;H1500 EXPRESS AWD CARGO;Auto(A4);15,7408;Gasoline (Regular Unleaded Recommended)
2010;GM;Chevrolet;H1500 EXPRESS CONV AWD CARGO;Auto(A4);15,8;Gasoline (Regular Unleaded Recommended)
2010;GM;GMC;G1500 SAVANA 2WD CARGO;Auto(A4);18,5;Gasoline (Regular Unleaded Recommended)
2010;GM;GMC;G1500 SAVANA 2WD CARGO;Auto(A4);16,0999;Gasoline (Regular Unleaded Recommended)
2010;GM;GMC;G1500 SAVANA CONV 2WD CARGO;Auto(A4);15,6;Gasoline (Regular Unleaded Recommended)
2010;GM;GMC;H1500 SAVANA AWD CARGO;Auto(A4);15,7408;Gasoline (Regular Unleaded Recommended)
2010;GM;GMC;H1500 SAVANA CONV AWD CARGO;Auto(A4);15,8;Gasoline (Regular Unleaded Recommended)
2010;GM;Chevrolet;G1500 EXPRESS 2WD PASS;Auto(A4);15,6;Gasoline (Regular Unleaded Recommended)
2010;GM;Chevrolet;H1500 EXPRESS AWD PASS;Auto(A4);15,8;Gasoline (Regular Unleaded Recommended)
2010;GM;GMC;G1500 SAVANA 2WD PASS;Auto(A4);15,6;Gasoline (Regular Unleaded Recommended)
2010;GM;GMC;H1500 SAVANA AWD PASS;Auto(A4);15,8;Gasoline (Regular Unleaded Recommended)
2010;FOMOCO;Ford Division;TRANSIT CONNECT;Auto(A4);27,4;Gasoline (Regular Unleaded Recommended)
2010;Chrysler Group LLC;Chrysler;Town & Country FWD;Auto(A4);20,8;Gasoline (Regular Unleaded Recommended)
2010;Chrysler Group LLC;Chrysler;Town & Country FWD;Auto(A6);19,7;Gasoline (Regular Unleaded Recommended)
2010;Chrysler Group LLC;Chrysler;Town & Country FWD;Auto(A6);21,4;Gasoline (Regular Unleaded Recommended)
2010;Chrysler Group LLC;Dodge;Grand Caravan FWD;Auto(A4);20,8;Gasoline (Regular Unleaded Recommended)
2010;Chrysler Group LLC;Dodge;Grand Caravan FWD;Auto(A6);19,7;Gasoline (Regular Unleaded Recommended)
2010;Chrysler Group LLC;Dodge;Grand Caravan FWD;Auto(A6);21,4;Gasoline (Regular Unleaded Recommended)
2010;Honda;Honda;ODYSSEY 2WD;Auto(A5);21,2;Gasoline (Regular Unleaded Recommended)
2010;Honda;Honda;ODYSSEY 2WD;Auto(A5);19,7;Gasoline (Regular Unleaded Recommended)
2010;Kia;HYUNDAI MOTOR COMPANY;ENTOURAGE;Auto(A5);20,7;Gasoline (Regular Unleaded Recommended)
2010;Kia;KIA MOTORS CORPORATION;SEDONA;Auto(A5);20,7;Gasoline (Regular Unleaded Recommended)
2010;MAZDA;MAZDA;MAZDA 5;Manual(M5);27,3;Gasoline (Regular Unleaded Recommended)
2010;MAZDA;MAZDA;MAZDA 5;Auto(S5);26,4;Gasoline (Regular Unleaded Recommended)
2010;Toyota;TOYOTA;SIENNA 2WD;Auto(A5);22,4;Gasoline (Regular Unleaded Recommended)
2010;Chrysler Group LLC;Volkswagen;Routan;Auto(A6);19,7;Gasoline (Regular Unleaded Recommended)
2010;Chrysler Group LLC;Volkswagen;Routan;Auto(A6);21,4;Gasoline (Regular Unleaded Recommended)
2010;Toyota;TOYOTA;SIENNA 4WD;Auto(A5);19,6;Gasoline (Regular Unleaded Recommended)
2010;Honda;Acura;RDX 2WD;Auto(S5);23,6;Gasoline (Premium Unleaded Recommended)
2010;GM;Buick;ENCLAVE FWD;Auto(A6);20,5999;Gasoline (Regular Unleaded Recommended)
2010;GM;Cadillac;ESCALADE 2WD;Auto(A6);17,2999;Gasoline (Regular Unleaded Recommended)
2010;GM;Cadillac;ESCALADE 2WD HYBRID;Auto(AV);26,9;Gasoline (Regular Unleaded Recommended)
2010;GM;Cadillac;ESCALADE ESV 2WD;Auto(A6);17,2999;Gasoline (Regular Unleaded Recommended)
2010;GM;Cadillac;SRX 2WD;Auto(S6);22,7;Gasoline (Regular Unleaded Recommended)
2010;GM;Chevrolet;C1500 AVALANCHE 2WD;Auto(A6);18,1262;Gasoline (Regular Unleaded Recommended)
2010;GM;Chevrolet;C1500 AVALANCHE 2WD;Auto(A6);14,9;Gasoline (Regular Unleaded Recommended)
2010;GM;Chevrolet;C1500 SUBURBAN 2WD;Auto(A6);18,1262;Gasoline (Regular Unleaded Recommended)
2010;GM;Chevrolet;C1500 SUBURBAN 2WD;Auto(A6);14,9;Gasoline (Regular Unleaded Recommended)
2010;GM;Chevrolet;C1500 TAHOE 2WD;Auto(A6);18,1262;Gasoline (Regular Unleaded Recommended)
2010;GM;Chevrolet;C1500 TAHOE 2WD HYBRID;Auto(AV);26,9;Gasoline (Regular Unleaded Recommended)
2010;GM;Chevrolet;EQUINOX FWD;Auto(A6);28,4;Gasoline (Regular Unleaded Recommended)
2010;GM;Chevrolet;EQUINOX FWD;Auto(A6);21,1441;Gasoline (Regular Unleaded Recommended)
2010;GM;Chevrolet;HHR FWD;Auto(A4);24,2999;Gasoline (Regular Unleaded Recommended)
2010;GM;Chevrolet;HHR FWD;Manual(M5);26,7;Gasoline (Regular Unleaded Recommended)
2010;GM;Chevrolet;HHR FWD;Auto(A4);27,2999;Gasoline (Regular Unleaded Recommended)
2010;GM;Chevrolet;HHR FWD;Manual(M5);28,5;Gasoline (Regular Unleaded Recommended)
2010;GM;Chevrolet;HHR FWD;Manual(M5);27,6;Gasoline (Regular Unleaded Recommended)
2010;GM;Chevrolet;HHR FWD;Auto(A4);27,5;Gasoline (Regular Unleaded Recommended)
2010;GM;Chevrolet;HHR PANEL FWD;Auto(A4);27,2999;Gasoline (Regular Unleaded Recommended)
2010;GM;Chevrolet;HHR PANEL FWD;Manual(M5);28,5;Gasoline (Regular Unleaded Recommended)
2010;GM;Chevrolet;HHR PANEL FWD;Manual(M5);27,6;Gasoline (Regular Unleaded Recommended)
2010;GM;Chevrolet;HHR PANEL FWD;Auto(A4);27,5;Gasoline (Regular Unleaded Recommended)
2010;GM;Chevrolet;TRAVERSE FWD;Auto(A6);20,5999;Gasoline (Regular Unleaded Recommended)
2010;Chrysler Group LLC;Chrysler;PT Cruiser;Auto(A4);23,7;Gasoline (Regular Unleaded Recommended)
2010;Chrysler Group LLC;Dodge;Journey 2wd;Auto(A4);23,8;Gasoline (Regular Unleaded Recommended)
2010;Chrysler Group LLC;Dodge;Journey 2wd;Auto(A6);19,6;Gasoline (Regular Unleaded Recommended)
2010;Chrysler Group LLC;Dodge;Nitro 2wd;Auto(A4);19,8;Gasoline (Regular Unleaded Recommended)
2010;Chrysler Group LLC;Dodge;Nitro 2wd;Auto(A5);19,6;Gasoline (Regular Unleaded Recommended)
2010;FOMOCO;Ford Division;EDGE FWD;Auto(A6);22,2;Gasoline (Regular Unleaded Recommended)
2010;FOMOCO;Ford Division;ESCAPE FWD;Auto(A6);26,2499;Gasoline (Regular Unleaded Recommended)
2010;FOMOCO;Ford Division;ESCAPE FWD;Manual(M5);28,3;Gasoline (Regular Unleaded Recommended)
2010;FOMOCO;Ford Division;ESCAPE FWD FFV;Auto(A6);24;Gasoline (Regular Unleaded Recommended)
2010;FOMOCO;Ford Division;ESCAPE HYBRID FWD;Auto(AV);45,2;Gasoline (Regular Unleaded Recommended)
2010;FOMOCO;Ford Division;EXPEDITION 2WD FFV;Auto(A6);17,0994;Gasoline (Regular Unleaded Recommended)
2010;FOMOCO;Ford Division;EXPLORER 2WD;Auto(A5);17,3;Gasoline (Regular Unleaded Recommended)
2010;FOMOCO;Ford Division;EXPLORER 2WD;Auto(A6);18,6;Gasoline (Regular Unleaded Recommended)
2010;FOMOCO;Ford Division;FLEX FWD;Auto(A6);22,2;Gasoline (Regular Unleaded Recommended)
2010;GM;GMC;ACADIA FWD;Auto(A6);20,5999;Gasoline (Regular Unleaded Recommended)
2010;GM;GMC;C1500 YUKON 2WD;Auto(A6);18,1262;Gasoline (Regular Unleaded Recommended)
2010;GM;GMC;C1500 YUKON 2WD;Auto(A6);17,2999;Gasoline (Regular Unleaded Recommended)
2010;GM;GMC;C1500 YUKON HYBRID 2WD;Auto(AV);26,9;Gasoline (Regular Unleaded Recommended)
2010;GM;GMC;C1500 YUKON XL 2WD;Auto(A6);18,1262;Gasoline (Regular Unleaded Recommended)
2010;GM;GMC;C1500 YUKON XL 2WD;Auto(A6);17,2999;Gasoline (Regular Unleaded Recommended)
2010;GM;GMC;C1500 YUKON XL 2WD;Auto(A6);14,9;Gasoline (Regular Unleaded Recommended)
2010;GM;GMC;TERRAIN FWD;Auto(A6);28,4;Gasoline (Regular Unleaded Recommended)
2010;GM;GMC;TERRAIN FWD;Auto(A6);21,1441;Gasoline (Regular Unleaded Recommended)
2010;Honda;Honda;ACCORD CROSSTOUR 2WD;Auto(A5);22,7;Gasoline (Regular Unleaded Recommended)
2010;Honda;Honda;CR-V 2WD;Auto(A5);26,8;Gasoline (Regular Unleaded Recommended)
2010;Honda;Honda;ELEMENT 2WD;Auto(A5);24,8;Gasoline (Regular Unleaded Recommended)
2010;Honda;Honda;ELEMENT 2WD;Manual(M5);23,2;Gasoline (Regular Unleaded Recommended)
2010;Honda;Honda;PILOT 2WD;Auto(A5);20,6051;Gasoline (Regular Unleaded Recommended)
2010;Hyundai;HYUNDAI MOTOR COMPANY;SANTA FE 2WD;Auto(A6);25,6;Gasoline (Regular Unleaded Recommended)
2010;Hyundai;HYUNDAI MOTOR COMPANY;SANTA FE 2WD;Manual(M6);24,4;Gasoline (Regular Unleaded Recommended)
2010;Hyundai;HYUNDAI MOTOR COMPANY;SANTA FE 2WD;Auto(A6);25,8;Gasoline (Regular Unleaded Recommended)
2010;Hyundai;HYUNDAI MOTOR COMPANY;TUCSON 2WD;Manual(M6);27,3;Gasoline (Regular Unleaded Recommended)
2010;Hyundai;HYUNDAI MOTOR COMPANY;TUCSON 2WD;Auto(A6);29;Gasoline (Regular Unleaded Recommended)
2010;Hyundai;HYUNDAI MOTOR COMPANY;VERACRUZ 2WD;Auto(A6);20,6;Gasoline (Regular Unleaded Recommended)
2010;Nissan;INFINITI;FX35 RWD;Auto(S7);20,1726;Gasoline (Premium Unleaded Recommended)
2010;Nissan;INFINITI;QX56 2WD;Auto(A5);15,2;Gasoline (Premium Unleaded Recommended)
2010;Chrysler Group LLC;Jeep;Commander 2WD;Auto(A5);18;Gasoline (Regular Unleaded Recommended)
2010;Chrysler Group LLC;Jeep;Commander 2WD;Auto(A5);17;Gasoline (Regular Unleaded Recommended)
2010;Chrysler Group LLC;Jeep;Compass 2WD;Manual(M5);29,4803;Gasoline (Regular Unleaded Recommended)
2010;Chrysler Group LLC;Jeep;Compass 2WD;Auto(AV);28,8945;Gasoline (Regular Unleaded Recommended)
2010;Chrysler Group LLC;Jeep;Compass 2WD;Manual(M5);29,3;Gasoline (Regular Unleaded Recommended)
2010;Chrysler Group LLC;Jeep;Compass 2WD;Auto(AV);27;Gasoline (Regular Unleaded Recommended)
2010;Chrysler Group LLC;Jeep;Grand Cherokee 2WD;Auto(A5);19,3;Gasoline (Regular Unleaded Recommended)
2010;Chrysler Group LLC;Jeep;Grand Cherokee 2WD;Auto(A5);17;Gasoline (Regular Unleaded Recommended)
2010;Chrysler Group LLC;Jeep;Liberty 2WD;Auto(A4);19,8;Gasoline (Regular Unleaded Recommended)
2010;Chrysler Group LLC;Jeep;Patriot 2WD;Manual(M5);29,4803;Gasoline (Regular Unleaded Recommended)
2010;Chrysler Group LLC;Jeep;Patriot 2WD;Auto(AV);28,8945;Gasoline (Regular Unleaded Recommended)
2010;Chrysler Group LLC;Jeep;Patriot 2WD;Manual(M5);29,3;Gasoline (Regular Unleaded Recommended)
2010;Chrysler Group LLC;Jeep;Patriot 2WD;Auto(AV);27;Gasoline (Regular Unleaded Recommended)
2010;Chrysler Group LLC;Jeep;Wrangler 2WD;Auto(A4);18,5;Gasoline (Regular Unleaded Recommended)
2010;Kia;KIA MOTORS CORPORATION;BORREGO 2WD;Auto(A5);20,6;Gasoline (Regular Unleaded Recommended)
2010;Kia;KIA MOTORS CORPORATION;BORREGO 2WD;Auto(A6);19;Gasoline (Regular Unleaded Recommended)
2010;Kia;KIA MOTORS CORPORATION;SPORTAGE 2WD;Auto(A4);25,5;Gasoline (Regular Unleaded Recommended)
2010;Kia;KIA MOTORS CORPORATION;SPORTAGE 2WD;Manual(M5);25,3;Gasoline (Regular Unleaded Recommended)
2010;Kia;KIA MOTORS CORPORATION;SPORTAGE 2WD;Auto(A4);23,1;Gasoline (Regular Unleaded Recommended)
2010;Toyota;LEXUS;RX 350;Auto(S6);22,9;Gasoline (Premium Unleaded Required)
2010;Toyota;LEXUS;RX 450h;Auto(AV-S6);41,4485;Gasoline (Premium Unleaded Required)
2010;FOMOCO;Lincoln Truck;MKT FWD;Auto(S6);21,4;Gasoline (Regular Unleaded Recommended)
2010;FOMOCO;Lincoln Truck;MKX FWD;Auto(A6);22,2;Gasoline (Regular Unleaded Recommended)
2010;FOMOCO;Lincoln Truck;NAVIGATOR 2WD FFV;Auto(A6);17,0994;Gasoline (Regular Unleaded Recommended)
2010;MAZDA;MAZDA;CX-7 2WD;Auto(S6);22,5;Gasoline (Premium Unleaded Recommended)
2010;MAZDA;MAZDA;CX-7 2WD;Auto(S5);25,1;Gasoline (Regular Unleaded Recommended)
2010;MAZDA;MAZDA;CX-9 2WD;Auto(S6);19,5;Gasoline (Regular Unleaded Recommended)
2010;FOMOCO;Mazda;TRIBUTE FWD;Manual(M5);28,3;Gasoline (Regular Unleaded Recommended)
2010;FOMOCO;Mazda;TRIBUTE FWD;Auto(A6);26,2499;Gasoline (Regular Unleaded Recommended)
2010;FOMOCO;Mazda;TRIBUTE FWD FFV;Auto(A6);24;Gasoline (Regular Unleaded Recommended)
2010;FOMOCO;Mazda;TRIBUTE HYBRID 2WD;Auto(AV);45,2;Gasoline (Regular Unleaded Recommended)
2010;Mercedes-Benz;Mercedes-Benz;GLK 350;Auto(A7);19,9;Gasoline (Premium Unleaded Required)
2010;Mercedes-Benz;Mercedes-Benz;ML 350;Auto(A7);19,4;Gasoline (Premium Unleaded Required)
2010;FOMOCO;Mercury Truck;MARINER FWD;Auto(A6);26,2499;Gasoline (Regular Unleaded Recommended)
2010;FOMOCO;Mercury Truck;MARINER FWD FFV;Auto(A6);24;Gasoline (Regular Unleaded Recommended)
2010;FOMOCO;Mercury Truck;MARINER HYBRID FWD;Auto(AV);45,2;Gasoline (Regular Unleaded Recommended)
2010;FOMOCO;Mercury Truck;MOUNTAINEER 2WD;Auto(A5);17,3;Gasoline (Regular Unleaded Recommended)
2010;FOMOCO;Mercury Truck;MOUNTAINEER 2WD;Auto(A6);18,6;Gasoline (Regular Unleaded Recommended)
2010;Mitsubishi Motors Co;Mitsubishi Motors Corporation;OUTLANDER 2WD;Auto(AV-S6);27,0103;Gasoline (Regular Unleaded Recommended)
2010;Mitsubishi Motors Co;Mitsubishi Motors Corporation;OUTLANDER 2WD;Auto(S6);24,0605;Gasoline (Premium Unleaded Recommended)
2010;Mitsubishi Motors NA;Mitsubishi Motors North America;ENDEAVOR 2WD;Auto(S4);19,1033;Gasoline (Premium Unleaded Recommended)
2010;Nissan;NISSAN;ARMADA 2WD;Auto(A5);15,2;Gasoline (Regular Unleaded Recommended)
2010;Nissan;NISSAN;ARMADA 2WD FFV;Auto(A5);15,2974;Gasoline (Regular Unleaded Recommended)
2010;Nissan;NISSAN;MURANO FWD;Auto(AV);22,5957;Gasoline (Premium Unleaded Recommended)
2010;Nissan;NISSAN;PATHFINDER 2WD;Auto(S5);18,4235;Gasoline (Premium Unleaded Recommended)
2010;Nissan;NISSAN;PATHFINDER FE+ 2WD;Auto(A5);18,7767;Gasoline (Premium Unleaded Recommended)
2010;Nissan;NISSAN;ROGUE FWD;Auto(AV);28,4201;Gasoline (Regular Unleaded Recommended)
2010;Nissan;NISSAN;XTERRA 2WD;Manual(M6);19,6697;Gasoline (Regular Unleaded Recommended)
2010;Nissan;NISSAN;XTERRA 2WD;Auto(A5);18,6392;Gasoline (Regular Unleaded Recommended)
2010;GM;Saturn;OUTLOOK FWD;Auto(A6);20,5999;Gasoline (Regular Unleaded Recommended)
2010;GM;Saturn;VUE FWD;Auto(A4);23,9;Gasoline (Regular Unleaded Recommended)
2010;GM;Saturn;VUE FWD;Auto(A6);20,7;Gasoline (Regular Unleaded Recommended)
2010;GM;Saturn;VUE FWD;Auto(S6);20,9;Gasoline (Regular Unleaded Recommended)
2010;GM;Saturn;VUE FWD HYBRID;Auto(A4);31,8;Gasoline (Regular Unleaded Recommended)
2010;Suzuki;Suzuki;GRAND VITARA;Manual(M5);24,1181;Gasoline (Regular Unleaded Recommended)
2010;Suzuki;Suzuki;GRAND VITARA;Auto(A4);24,0663;Gasoline (Regular Unleaded Recommended)
2010;Suzuki;Suzuki;GRAND VITARA;Auto(A5);21,9699;Gasoline (Regular Unleaded Recommended)
2010;Toyota;TOYOTA;4RUNNER 2WD;Auto(A4);23;Gasoline (Regular Unleaded Recommended)
2010;Toyota;TOYOTA;4RUNNER 2WD;Auto(S5);21,6;Gasoline (Regular Unleaded Recommended)
2010;Toyota;TOYOTA;FJ CRUISER 2WD;Auto(A5);21,5;Gasoline (Regular Unleaded Recommended)
2010;Toyota;TOYOTA;HIGHLANDER 2WD;Auto(S6);24,6;Gasoline (Regular Unleaded Recommended)
2010;Toyota;TOYOTA;HIGHLANDER 2WD;Auto(S5);22,1;Gasoline (Regular Unleaded Recommended)
2010;Toyota;TOYOTA;RAV4 2WD;Auto(A4);27,3;Gasoline (Regular Unleaded Recommended)
2010;Toyota;TOYOTA;RAV4 2WD;Auto(A5);24,3984;Gasoline (Regular Unleaded Recommended)
2010;Toyota;TOYOTA;SEQUOIA 2WD;Auto(S6);17,605;Gasoline (Regular Unleaded Recommended)
2010;Toyota;TOYOTA;SEQUOIA 2WD;Auto(S6);16,8655;Gasoline (Regular Unleaded Recommended)
2010;Toyota;TOYOTA;VENZA;Auto(S6);26,4;Gasoline (Regular Unleaded Recommended)
2010;Toyota;TOYOTA;VENZA;Auto(S6);23,7;Gasoline (Regular Unleaded Recommended)
2010;Audi;Volkswagen;TIGUAN;Auto(S6);22,9;Gasoline (Premium Unleaded Recommended)
2010;Audi;Volkswagen;TIGUAN;Manual(M6);23,3;Gasoline (Premium Unleaded Recommended)
2010;Volvo;Volvo Cars of North America, LLC;XC 60 FWD;Auto(S6);21,4;Gasoline (Regular Unleaded Recommended)
2010;Volvo;Volvo Cars of North America, LLC;XC90 FWD;Auto(S6);18,7;Gasoline (Regular Unleaded Recommended)
2010;Honda;Acura;MDX 4WD;Auto(S6);19,8;Gasoline (Premium Unleaded Recommended)
2010;Honda;Acura;RDX 4WD;Auto(S5);22,4;Gasoline (Premium Unleaded Recommended)
2010;Honda;Acura;ZDX 4WD;Auto(S6);20,6;Gasoline (Premium Unleaded Recommended)
2010;Audi;Audi;Q5;Auto(S6);22,7;Gasoline (Premium Unleaded Recommended)
2010;Audi;Audi;Q7;Auto(S6);Mod;Diesel, ultra low sulfur (15 ppm, maximum)
2010;Volkswagen;Audi;Q7;Auto(S6);17,1502;Gasoline (Premium Unleaded Recommended)
2010;Audi;Audi;Q7;Auto(S6);16,2;Gasoline (Premium Unleaded Recommended)
2010;BMW;BMW;ActiveHybrid X6;Auto(S7);20,8141;Gasoline (Premium Unleaded Recommended)
2010;BMW;BMW;X3 xDrive30i;Auto(S6);21,4;Gasoline (Premium Unleaded Recommended)
2010;BMW;BMW;X3 xDrive30i;Manual(M6);20,9;Gasoline (Premium Unleaded Recommended)
2010;BMW;BMW;X5 xDrive30i;Auto(S6);19,2;Gasoline (Premium Unleaded Recommended)
2010;BMW;BMW;X5 xDrive35d;Auto(S6);23,9782;Diesel, ultra low sulfur (15 ppm, maximum)
2010;BMW;BMW;X5 xDrive48i;Auto(S6);16,7489;Gasoline (Premium Unleaded Recommended)
2010;BMW;BMW;X5 xDriveM;Auto(S6);15,167;Gasoline (Premium Unleaded Recommended)
2010;BMW;BMW;X6 xDrive35i;Auto(S6);18,5;Gasoline (Premium Unleaded Recommended)
2010;BMW;BMW;X6 xDrive50i;Auto(S6);15,8;Gasoline (Premium Unleaded Recommended)
2010;BMW;BMW;X6 xDriveM;Auto(S6);15,167;Gasoline (Premium Unleaded Recommended)
2010;GM;Buick;ENCLAVE AWD;Auto(A6);19,5;Gasoline (Regular Unleaded Recommended)
2010;GM;Cadillac;ESCALADE AWD;Auto(A6);17,0999;Gasoline (Regular Unleaded Recommended)
2010;GM;Cadillac;SRX AWD;Auto(S6);19,2435;Gasoline (Premium Unleaded Required)
2010;GM;Cadillac;SRX AWD;Auto(S6);21,5;Gasoline (Regular Unleaded Recommended)
2010;GM;Chevrolet;EQUINOX AWD;Auto(A6);25,7999;Gasoline (Regular Unleaded Recommended)
2010;GM;Chevrolet;EQUINOX AWD;Auto(A6);21,2999;Gasoline (Regular Unleaded Recommended)
2010;GM;Chevrolet;K1500 TAHOE 4WD;Auto(A6);18,0999;Gasoline (Regular Unleaded Recommended)
2010;GM;Chevrolet;K1500 TAHOE 4WD HYBRID;Auto(AV);26,7999;Gasoline (Regular Unleaded Recommended)
2010;GM;Chevrolet;TRAVERSE AWD;Auto(A6);20;Gasoline (Regular Unleaded Recommended)
2010;Chrysler Group LLC;Dodge;Journey 4wd;Auto(A6);19,2;Gasoline (Regular Unleaded Recommended)
2010;Chrysler Group LLC;Dodge;Nitro 4wd;Auto(A4);18,7;Gasoline (Regular Unleaded Recommended)
2010;Chrysler Group LLC;Dodge;Nitro 4wd;Auto(A5);19,3;Gasoline (Regular Unleaded Recommended)
2010;FOMOCO;Ford Division;EDGE AWD;Auto(A6);20,9;Gasoline (Regular Unleaded Recommended)
2010;FOMOCO;Ford Division;ESCAPE 4WD;Auto(A6);25,1139;Gasoline (Regular Unleaded Recommended)
2010;FOMOCO;Ford Division;ESCAPE 4WD FFV;Auto(A6);22,565;Gasoline (Regular Unleaded Recommended)
2010;FOMOCO;Ford Division;ESCAPE HYBRID 4WD;Auto(AV);39,6;Gasoline (Regular Unleaded Recommended)
2010;FOMOCO;Ford Division;EXPEDITION 4WD FFV;Auto(A6);15,1485;Gasoline (Regular Unleaded Recommended)
2010;FOMOCO;Ford Division;EXPLORER 4WD;Auto(A5);16,4429;Gasoline (Regular Unleaded Recommended)
2010;FOMOCO;Ford Division;EXPLORER 4WD;Auto(A6);16,9118;Gasoline (Regular Unleaded Recommended)
2010;FOMOCO;Ford Division;FLEX AWD;Auto(A6);19,4142;Gasoline (Regular Unleaded Recommended)
2010;FOMOCO;Ford Division;FLEX AWD;Auto(S6);19,9;Gasoline (Regular Unleaded Recommended)
2010;GM;GMC;ACADIA AWD;Auto(A6);20;Gasoline (Regular Unleaded Recommended)
2010;GM;GMC;K1500 YUKON 4WD;Auto(A6);18,0999;Gasoline (Regular Unleaded Recommended)
2010;GM;GMC;K1500 YUKON 4WD HYBRID;Auto(AV);26,7999;Gasoline (Regular Unleaded Recommended)
2010;GM;GMC;K1500 YUKON DENALI AWD;Auto(A6);17,0999;Gasoline (Regular Unleaded Recommended)
2010;GM;GMC;TERRAIN AWD;Auto(A6);25,7999;Gasoline (Regular Unleaded Recommended)
2010;GM;GMC;TERRAIN AWD;Auto(A6);21,2999;Gasoline (Regular Unleaded Recommended)
2010;Honda;Honda;ACCORD CROSSTOUR 4WD;Auto(A5);21,2;Gasoline (Regular Unleaded Recommended)
2010;Honda;Honda;CR-V 4WD;Auto(A5);26,3511;Gasoline (Regular Unleaded Recommended)
2010;Honda;Honda;ELEMENT 4WD;Manual(M5);23,2;Gasoline (Regular Unleaded Recommended)
2010;Honda;Honda;ELEMENT 4WD;Auto(A5);23,8;Gasoline (Regular Unleaded Recommended)
2010;Honda;Honda;PILOT 4WD;Auto(A5);20;Gasoline (Regular Unleaded Recommended)
2010;GM;Hummer;H3 4WD;Manual(M5);16,9;Gasoline (Regular Unleaded Recommended)
2010;GM;Hummer;H3 4WD;Auto(A4);17,7999;Gasoline (Regular Unleaded Recommended)
2010;GM;Hummer;H3 4WD;Auto(A4);15,8;Gasoline (Regular Unleaded Recommended)
2010;Hyundai;HYUNDAI MOTOR COMPANY;SANTA FE 4WD;Auto(A6);26;Gasoline (Regular Unleaded Recommended)
2010;Hyundai;HYUNDAI MOTOR COMPANY;SANTA FE 4WD;Auto(A6);24,8;Gasoline (Regular Unleaded Recommended)
2010;Hyundai;HYUNDAI MOTOR COMPANY;TUCSON 4WD;Auto(A6);26,6;Gasoline (Regular Unleaded Recommended)
2010;Hyundai;HYUNDAI MOTOR COMPANY;TUCSON 4WD;Manual(M6);26,8;Gasoline (Regular Unleaded Recommended)
2010;Hyundai;HYUNDAI MOTOR COMPANY;VERACRUZ 4WD;Auto(A6);19,8;Gasoline (Regular Unleaded Recommended)
2010;Nissan;INFINITI;FX35 AWD;Auto(S7);19,5985;Gasoline (Premium Unleaded Recommended)
2010;Nissan;INFINITI;FX50;Auto(S7);17,7553;Gasoline (Premium Unleaded Recommended)
2010;Nissan;INFINITI;QX56 4WD;Auto(A5);15,1;Gasoline (Premium Unleaded Recommended)
2010;Chrysler Group LLC;Jeep;Commander 4WD;Auto(A5);17,4;Gasoline (Regular Unleaded Recommended)
2010;Chrysler Group LLC;Jeep;Commander 4WD;Auto(A5);16,6;Gasoline (Regular Unleaded Recommended)
2010;Chrysler Group LLC;Jeep;Compass 4WD;Manual(M5);28,8;Gasoline (Regular Unleaded Recommended)
2010;Chrysler Group LLC;Jeep;Compass 4WD;Auto(AV);26,3;Gasoline (Regular Unleaded Recommended)
2010;Chrysler Group LLC;Jeep;Grand Cherokee 4WD;Auto(A5);18,5;Gasoline (Regular Unleaded Recommended)
2010;Chrysler Group LLC;Jeep;Grand Cherokee 4WD;Auto(A5);16,6;Gasoline (Regular Unleaded Recommended)
2010;Chrysler Group LLC;Jeep;Grand Cherokee SRT8 AWD;Auto(A5);14,2;Gasoline (Premium Unleaded Required)
2010;Chrysler Group LLC;Jeep;Liberty 4WD;Auto(A4);18,7;Gasoline (Regular Unleaded Recommended)
2010;Chrysler Group LLC;Jeep;Patriot 4WD;Manual(M5);28,8;Gasoline (Regular Unleaded Recommended)
2010;Chrysler Group LLC;Jeep;Patriot 4WD;Auto(AV);26,3;Gasoline (Regular Unleaded Recommended)
2010;Chrysler Group LLC;Jeep;Patriot 4WD;Auto(AV);26,3;Gasoline (Regular Unleaded Recommended)
2010;Chrysler Group LLC;Jeep;Wrangler 4WD;Manual(M6);18,858;Gasoline (Regular Unleaded Recommended)
2010;Chrysler Group LLC;Jeep;Wrangler 4WD;Auto(A4);18,3208;Gasoline (Regular Unleaded Recommended)
2010;Kia;KIA MOTORS CORPORATION;BORREGO 4WD;Auto(A5);20,1;Gasoline (Regular Unleaded Recommended)
2010;Kia;KIA MOTORS CORPORATION;BORREGO 4WD;Auto(A6);18,1;Gasoline (Regular Unleaded Recommended)
2010;Kia;KIA MOTORS CORPORATION;SPORTAGE 4WD;Manual(M5);24,2;Gasoline (Regular Unleaded Recommended)
2010;Kia;KIA MOTORS CORPORATION;SPORTAGE 4WD;Auto(A4);22,4;Gasoline (Regular Unleaded Recommended)
2010;Land Rover;Land Rover;LR2;Auto(S6);18,6318;Gasoline (Regular Unleaded Recommended)
2010;Land Rover;Land Rover;LR4;Auto(S6);15,3076;Gasoline (Premium Unleaded Recommended)
2010;Land Rover;Land Rover;Range Rover;Auto(S6);14,1837;Gasoline (Premium Unleaded Recommended)
2010;Land Rover;Land Rover;Range Rover;Auto(S6);15,1205;Gasoline (Premium Unleaded Recommended)
2010;Land Rover;Land Rover;Range Rover Sport;Auto(S6);14,4032;Gasoline (Premium Unleaded Recommended)
2010;Land Rover;Land Rover;Range Rover Sport;Auto(S6);15,4737;Gasoline (Premium Unleaded Recommended)
2010;Toyota;LEXUS;GX 460;Auto(S6);18,6;Gasoline (Premium Unleaded Required)
2010;Toyota;LEXUS;LX 570;Auto(S6);15,3;Gasoline (Premium Unleaded Required)
2010;Toyota;LEXUS;RX 350 AWD;Auto(S6);22,4854;Gasoline (Premium Unleaded Required)
2010;Toyota;LEXUS;RX 450h AWD;Auto(AV-S6);39,5123;Gasoline (Premium Unleaded Required)
2010;FOMOCO;Lincoln Truck;MKT AWD;Auto(S6);20,0338;Gasoline (Regular Unleaded Recommended)
2010;FOMOCO;Lincoln Truck;MKT AWD;Auto(S6);19,9;Gasoline (Regular Unleaded Recommended)
2010;FOMOCO;Lincoln Truck;MKX AWD;Auto(A6);20,9;Gasoline (Regular Unleaded Recommended)
2010;MAZDA;MAZDA;CX-7 4WD;Auto(S6);21,5;Gasoline (Premium Unleaded Recommended)
2010;MAZDA;MAZDA;CX-9 4WD;Auto(S6);18,7;Gasoline (Regular Unleaded Recommended)
2010;FOMOCO;Mazda;TRIBUTE 4WD;Auto(A6);25,4;Gasoline (Regular Unleaded Recommended)
2010;FOMOCO;Mazda;TRIBUTE 4WD FFV;Auto(A6);23;Gasoline (Regular Unleaded Recommended)
2010;FOMOCO;Mazda;TRIBUTE HYBRID 4WD;Auto(AV);39,6;Gasoline (Regular Unleaded Recommended)
2010;Mercedes-Benz;Mercedes-Benz;G 55 AMG;Auto(A5);13,2;Gasoline (Premium Unleaded Required)
2010;Mercedes-Benz;Mercedes-Benz;G 550;Auto(A7);14;Gasoline (Premium Unleaded Required)
2010;Mercedes-Benz;Mercedes-Benz;GL 450 4MATIC;Auto(A7);15,8;Gasoline (Premium Unleaded Required)
2010;Mercedes-Benz;Mercedes-Benz;GL 550 4MATIC;Auto(A7);15,3;Gasoline (Premium Unleaded Required)
2010;Mercedes-Benz;Mercedes-Benz;GLK 350 4MATIC;Auto(A7);19,6659;Gasoline (Premium Unleaded Required)
2010;Mercedes-Benz;Mercedes-Benz;ML 350 4MATIC;Auto(A7);18,5;Gasoline (Premium Unleaded Required)
2010;Mercedes-Benz;Mercedes-Benz;ML 550 4MATIC;Auto(A7);16,3;Gasoline (Premium Unleaded Required)
2010;Mercedes-Benz;Mercedes-Benz;ML 63 AMG;Auto(A7);12,8;Gasoline (Premium Unleaded Required)
2010;Mercedes-Benz;Mercedes-Benz;ML450 HYBRID 4MATIC;Auto(AV);26,9;Gasoline (Premium Unleaded Required)
2010;Mercedes-Benz;Mercedes-Benz;R 350 4MATIC;Auto(A7);17,7;Gasoline (Premium Unleaded Required)
2010;FOMOCO;Mercury Truck;MARINER 4WD;Auto(A6);25,1139;Gasoline (Regular Unleaded Recommended)
2010;FOMOCO;Mercury Truck;MARINER 4WD FFV;Auto(A6);22,565;Gasoline (Regular Unleaded Recommended)
2010;FOMOCO;Mercury Truck;MARINER HYBRID 4WD;Auto(AV);39,6;Gasoline (Regular Unleaded Recommended)
2010;FOMOCO;Mercury Truck;MOUNTAINEER AWD;Auto(A5);16,4429;Gasoline (Regular Unleaded Recommended)
2010;FOMOCO;Mercury Truck;MOUNTAINEER AWD;Auto(A6);16,9118;Gasoline (Regular Unleaded Recommended)
2010;Mitsubishi Motors Co;Mitsubishi Motors Corporation;OUTLANDER 4WD;Auto(AV-S6);25,9764;Gasoline (Regular Unleaded Recommended)
2010;Mitsubishi Motors Co;Mitsubishi Motors Corporation;OUTLANDER 4WD;Auto(S6);22,7031;Gasoline (Premium Unleaded Recommended)
2010;Mitsubishi Motors NA;Mitsubishi Motors North America;ENDEAVOR AWD;Auto(S4);18,4;Gasoline (Premium Unleaded Recommended)
2010;Nissan;NISSAN;ARMADA 4WD;Auto(A5);15,0923;Gasoline (Regular Unleaded Recommended)
2010;Nissan;NISSAN;ARMADA 4WD FFV;Auto(A5);15,1498;Gasoline (Regular Unleaded Recommended)
2010;Nissan;NISSAN;MURANO AWD;Auto(AV);22,2551;Gasoline (Premium Unleaded Recommended)
2010;Nissan;NISSAN;PATHFINDER 4WD;Auto(A5);17,707;Gasoline (Premium Unleaded Recommended)
2010;Nissan;NISSAN;PATHFINDER 4WD;Auto(S5);15,5498;Gasoline (Premium Unleaded Recommended)
2010;Nissan;NISSAN;ROGUE AWD;Auto(AV);27,1066;Gasoline (Regular Unleaded Recommended)
2010;Nissan;NISSAN;XTERRA 4WD;Manual(M6);19,2998;Gasoline (Regular Unleaded Recommended)
2010;Nissan;NISSAN;XTERRA 4WD;Auto(A5);18,133;Gasoline (Regular Unleaded Recommended)
2010;Porsche;Porsche;Cayenne;Auto(A6);17,8494;Gasoline (Premium Unleaded Recommended)
2010;Porsche;Porsche;Cayenne;Manual(M6);16,9398;Gasoline (Premium Unleaded Recommended)
2010;Porsche;Porsche;Cayenne GTS;Auto(A6);16,0831;Gasoline (Premium Unleaded Recommended)
2010;Porsche;Porsche;Cayenne GTS;Manual(M6);13,4863;Gasoline (Premium Unleaded Recommended)
2010;Porsche;Porsche;Cayenne S;Auto(A6);15,951;Gasoline (Premium Unleaded Recommended)
2010;Porsche;Porsche;Cayenne TransSiberia;Manual(M6);13,4863;Gasoline (Premium Unleaded Recommended)
2010;Porsche;Porsche;Cayenne Turbo;Auto(A6);14,5425;Gasoline (Premium Unleaded Recommended)
2010;Porsche;Porsche;Cayenne Turbo Kit;Auto(A6);14,5425;Gasoline (Premium Unleaded Recommended)
2010;Porsche;Porsche;Cayenne Turbo S;Auto(A6);14,5425;Gasoline (Premium Unleaded Recommended)
2010;GM;Saturn;OUTLOOK AWD;Auto(A6);20;Gasoline (Regular Unleaded Recommended)
2010;GM;Saturn;VUE AWD;Auto(A6);20,2;Gasoline (Regular Unleaded Recommended)
2010;GM;Saturn;VUE AWD;Auto(A6);20,5;Gasoline (Regular Unleaded Recommended)
2010;GM;Saturn;VUE AWD;Auto(S6);19,9;Gasoline (Regular Unleaded Recommended)
2010;Subaru;Subaru;Forester AWD;Manual(M5);24,8571;Gasoline (Regular Unleaded Recommended)
2010;Subaru;Subaru;Forester AWD;Auto(S4);25,0678;Gasoline (Regular Unleaded Recommended)
2010;Subaru;Subaru;Forester AWD;Auto(S4);23,8512;Gasoline (Premium Unleaded Recommended)
2010;Subaru;Subaru;OUTBACK WAGON AWD;Auto(AV);27,3071;Gasoline (Regular Unleaded Recommended)
2010;Subaru;Subaru;OUTBACK WAGON AWD;Manual(M6);24,4471;Gasoline (Regular Unleaded Recommended)
2010;Subaru;Subaru;OUTBACK WAGON AWD;Auto(S5);21,9938;Gasoline (Regular Unleaded Recommended)
2010;Subaru;Subaru;Tribeca AWD;Auto(S5);20;Gasoline (Regular Unleaded Recommended)
2010;Suzuki;Suzuki;GRAND VITARA 4WD;Manual(M5);23,346;Gasoline (Regular Unleaded Recommended)
2010;Suzuki;Suzuki;GRAND VITARA 4WD;Auto(A4);23,4214;Gasoline (Regular Unleaded Recommended)
2010;Suzuki;Suzuki;GRAND VITARA 4WD;Auto(A5);20,8755;Gasoline (Regular Unleaded Recommended)
2010;Toyota;TOYOTA;4RUNNER 4WD;Auto(S5);20,7;Gasoline (Regular Unleaded Recommended)
2010;Toyota;TOYOTA;4RUNNER 4WD;Auto(S5);20,7;Gasoline (Regular Unleaded Recommended)
2010;Toyota;TOYOTA;FJ CRUISER 4WD;Auto(A5);21,0184;Gasoline (Regular Unleaded Recommended)
2010;Toyota;TOYOTA;FJ CRUISER 4WD;Manual(M6);19,1202;Gasoline (Regular Unleaded Recommended)
2010;Toyota;TOYOTA;HIGHLANDER 4WD;Auto(S5);21,2;Gasoline (Regular Unleaded Recommended)
2010;Toyota;TOYOTA;HIGHLANDER HYBRID 4WD;Auto(AV);35,3499;Gasoline (Regular Unleaded Recommended)
2010;Toyota;TOYOTA;LAND CRUISER WAGON 4WD;Auto(S6);15,9;Gasoline (Regular Unleaded Recommended)
2010;Toyota;TOYOTA;RAV4 4WD;Auto(A4);26,7798;Gasoline (Regular Unleaded Recommended)
2010;Toyota;TOYOTA;RAV4 4WD;Auto(A5);23,7;Gasoline (Regular Unleaded Recommended)
2010;Toyota;TOYOTA;SEQUOIA 4WD;Auto(S6);16,1909;Gasoline (Regular Unleaded Recommended)
2010;Toyota;TOYOTA;SEQUOIA 4WD;Auto(S6);15,9;Gasoline (Regular Unleaded Recommended)
2010;Toyota;TOYOTA;SEQUOIA 4WD FFV;Auto(S6);15,4255;Gasoline (Regular Unleaded Recommended)
2010;Toyota;TOYOTA;VENZA AWD;Auto(S6);25,6;Gasoline (Regular Unleaded Recommended)
2010;Toyota;TOYOTA;VENZA AWD;Auto(S6);22,6;Gasoline (Regular Unleaded Recommended)
2010;Audi;Volkswagen;TIGUAN 4MOTION;Auto(S6);22,5;Gasoline (Premium Unleaded Recommended)
2010;Audi;Volkswagen;Touareg;Auto(S6);Mod;Diesel, ultra low sulfur (15 ppm, maximum)
2010;Volkswagen;Volkswagen;TOUAREG;Auto(S6);17,1502;Gasoline (Premium Unleaded Recommended)
2010;Volvo;Volvo Cars of North America, LLC;XC60 AWD;Auto(S6);19,3392;Gasoline (Regular Unleaded Recommended)
2010;Volvo;Volvo Cars of North America, LLC;XC60 AWD;Auto(S6);19,1436;Gasoline (Regular Unleaded Recommended)
2010;Volvo;Volvo Cars of North America, LLC;XC70 AWD;Auto(S6);19,3392;Gasoline (Regular Unleaded Recommended)
2010;Volvo;Volvo Cars of North America, LLC;XC70 AWD;Auto(S6);19,1436;Gasoline (Regular Unleaded Recommended)
2010;Volvo;Volvo Cars of North America, LLC;XC90 AWD;Auto(S6);18,7873;Gasoline (Regular Unleaded Recommended)
2010;Volvo;Volvo Cars of North America, LLC;XC90 AWD;Auto(S6);16,1;Gasoline (Regular Unleaded Recommended)
